.id	ID	SEX	GER	LIN	MADRE	PADRE	AGE	P49	line	selection	IS_PM	IS_NSL	IS_PNS	PM_ZS	PM_ZI	PM_MT	NSL_NA	NSL_ZS	NSL_ZI	NA_BR	NA_PNS	BR_PT	BR_APET	PT_APET	PT_BA	PT_EAM	PT_ZYGO	PT_TSP	ZS_ZI	ZI_MT	ZI_ZYGO	ZI_TSP	MT_PNS	PNS_APET	APET_BA	APET_TS	BA_EAM	EAM_ZYGO	ZYGO_TSP	LD_AS	BR_LD	OPI_LD	PT_AS	JP_AS	BA_OPI
control.t	270158	F	55	t	260902	261089	170	14.7	t	control	4.19875	2.99205	11.6325	7.9681	9.36325	6.9862	8.49365	11.95785	14.06765	6.9184	8.0675	4.4714	8.28385	8.03665	9.771	7.4697	5.44845	2.8505	2.5227	4.81285	2.99535	4.07505	1.84825	3.42655	2.7917	3.8311	5.5064	3.39125	4.18385	6.77505	7.8892	3.6449	6.8113	4.7646	4.48325
control.t	270162	F	55	t	260902	261089	118	17.4	t	control	4.71017160215	2.7971672231	11.7693818336	7.9386153083	8.772871706	6.912673153	9.06555803685	12.2405491158	13.98922845875	6.6775670603	7.87096845905	3.4672399858	7.6956675681	8.28588121525	10.6656108078	8.1108364367	6.3053532382	3.20475046405	2.5898873079	4.494145883	2.1599077074	4.2174361708	1.78185252935	4.7249921959	3.56602929945	3.65725873625	5.41703383385	5.2719923788	4.17738329685	6.54324596215	8.27395427455	3.6843890917	7.6201295843	4.13797423125	3.82028491575
control.t	270164	F	55	t	260918	261065	117	16.7	t	control	4.8128275324	2.67046867165	12.2432126902	8.0905325085	9.70211659565	7.14322765245	9.22974660255	12.4780963292	14.78947232845	6.91924356185	8.26210450185	4.10971842655	8.09446323565	8.54150375145	11.25102753015	8.4188687275	6.05230279555	2.87432415025	2.6592077115	5.0005441995	2.28497050845	3.7388968255	1.89542949085	4.4874359967	3.91878744195	3.8971160782	5.68863829045	4.38927862275	3.89313228565	6.5871220591	7.946212638	3.6431640648	7.8281357897	4.44808839875	4.12169552225
control.t	270166	F	55	t	260918	261065	169	17	t	control	4.82224848575	3.1147736464	12.5567696932	8.29935892335	9.69508766105	7.2140407917	9.31372663855	12.7600403444	15.0079110164	7.04725012685	8.70223213765	3.6946400971	8.38155325605	8.83773779235	11.34354008865	8.3903547763	6.2657270673	3.2787697706	2.8428094825	5.05864988	2.46005388415	4.0551728112	1.92363448675	4.6135372596	4.10367805725	4.0532958077	5.76290734615	4.7527344199	4.0390891313	6.79625488035	7.01655815215	4.91868742315	7.3140046847	4.3466442099	4.0454260631
control.t	270189	M	55	t	260902	261089	113	24.9	t	control	4.6561185933	2.81477153245	11.935085193	8.008274007	9.1168654416	7.03250516645	9.3956108732	12.4755105885	14.4599735191	6.4762014006	8.22746132285	5.1579127641	8.08062201705	8.30278260985	10.45477978245	8.0543320202	5.81648946615	2.94832746735	2.7152574167	4.50355876205	2.66046184275	3.98732655705	1.95390852065	4.6755748843	3.66325367305	3.96971945765	5.5681413897	4.52947031265	4.000347339	7.728747557	9.64518445145	4.1681253111	7.50438711075	4.1432857855	3.78151422
control.t	270191	M	55	t	260902	261089	113	19.8	t	control	4.4921643388	2.825164011	11.8246195406	7.83789757945	9.2365686117	6.9795048986	8.72336770525	12.19550011255	14.3335431823	6.7229397566	7.9659141377	3.6280481086	7.85635847575	8.1153624718	10.3634284203	7.90265348955	5.72121905425	3.1663822261	2.62014579325	4.6915681612	2.5669563691	3.5162076959	1.77172262795	4.3864357895	3.70914780265	3.8353226267	5.35619168045	4.2879104273	3.2204136496	6.5694315107	7.17919004095	3.66665559305	6.59281686035	4.49486813875	3.80302367685
control.t	270193	M	55	t	260918	261065	154	18.9	t	control	5.1058792224	2.81947923265	12.8132470823	8.28409924835	9.00095982355	7.1719199256	9.3352531462	13.15805671915	14.8106777414	6.9750962581	8.45185108955	3.64349295205	8.3850134585	8.8047806756	11.40688110085	8.4866310972	6.60410252215	3.07860619815	2.68234282025	4.8671478852	2.4777165742	4.5482983171	1.8406329812	4.47291572005	4.2881574486	3.8986223534	5.81047886345	5.5222890796	4.056069187	6.53437397015	8.2177566083	4.14478089645	6.9349195233	4.84086586765	3.85224052095
control.t	270197	M	55	t	260918	261065	112	23.5	t	control	4.7481875934	2.8614536036	12.2836970735	8.2272701277	9.2637454526	7.12211685395	9.2500066896	12.6126344173	14.3895210118	6.6385598512	7.96983164045	4.00239228545	7.93804384255	8.4410107039	11.08191183795	8.3137549688	6.00711904215	3.0414535102	2.37974553865	4.80306737635	2.77836232995	4.0565546664	1.8659969687	4.4811420132	4.30144548745	3.9468229621	5.7286475432	4.58545064835	3.94475812325	6.51278426655	7.3207368214	3.78728391545	6.94039918445	4.7536054759	3.75523945575
control.t	270199	M	55	t	260918	261065	112	20.7	t	control	5.1447710561	2.70867886325	12.04474813665	7.5329200619	8.64147546275	6.5252767304	8.77973247595	12.08663718555	14.18424013295	7.023966202	8.18084323265	4.2394449273	8.01937728095	8.47633199445	11.05584616375	8.2947282371	6.15513106115	2.88688049775	2.85772040815	4.61377425565	2.7577024061	4.1259777957	1.87096879025	4.36618781165	4.3583433632	4.12334286295	5.681256807	4.4983690199	3.8537509274	6.55157121605	7.78309745155	3.2468308762	7.1270349217	4.5872127193	3.86632845625
control.t	270264	F	55	t	260882	261071	168	35.7	t	control	4.6590320617	2.9019245596	12.29309768855	8.2235656884	9.40657213575	7.1633311533	9.8258504443	12.77739014295	14.59345983005	6.66272028125	7.5771349116	3.956455138	7.5216033783	7.9920364768	10.50507945225	8.1153827105	5.7947008823	2.9141891945	2.43226584615	4.6151401614	2.4053759946	3.784041605	1.78955587055	4.388041716	4.0414499236	3.997414298	5.4997266224	4.8318259781	3.637487874	6.3681503079	7.7307678993	3.81140534835	6.9908303379	4.68385591	4.0401820912
control.t	270266	F	55	t	260882	261071	153	36	t	control	4.7367007336	2.8285816271	12.3552759929	8.3954173257	9.7164240211	7.2457712721	9.510993216	12.8957792752	14.88048713235	6.75758495825	7.8697308586	4.06690751015	7.763446298	8.2964713829	10.87790219575	8.26941323235	5.82666186865	2.85216112735	2.48388100505	4.9119369184	2.39238094915	3.8885757117	1.7611994067	4.58539364685	4.1608544359	3.96879303985	5.6753287402	4.8680303907	3.76730859485	6.5762922509	7.6777468079	3.7124219571	7.0291732425	4.80749385055	4.14406519915
control.t	270268	F	55	t	260914	261109	168	29.7	t	control	4.83412501605	3.04678696385	12.6804785196	8.42768925775	9.71780143405	7.29901486155	8.92558221675	13.24958539535	15.34979120755	7.2142939247	8.56671024305	4.2979711098	8.2671053796	8.7217047185	11.403394876	8.44898895745	6.27480988065	2.9851023139	2.76352187245	4.6231132948	2.3517879727	3.88530057655	1.9017339839	4.49178356915	3.8883055664	4.034780892	6.14603639915	4.90607282325	3.73573410935	6.7339452297	7.7152032284	3.45473091305	7.6402983763	4.55695825905	4.26379468335
control.t	270270	F	55	t	260914	261109	153	28	t	control	4.75195482015	2.8834906427	12.30280850615	8.18816725465	9.4173479227	7.002000624	9.45458891735	12.81811478105	14.8727834292	7.0239399791	8.02296291565	4.31919609025	8.0377754852	8.63539866925	11.20736786655	8.3201466232	6.3019264121	3.0059238148	2.779206157	4.42348384295	2.50622491345	3.94223195455	1.9816290492	4.3730684666	4.07846645565	4.01291988095	5.6852738754	4.55626087555	3.87063611005	6.45192891455	8.12171351385	3.9600903189	7.53942407825	4.86324837735	3.9497515948
control.t	270280	F	55	t	260916	261033	168	27.7	t	control	4.8600879036	3.14790228585	12.33091023285	8.5377849137	9.6684232886	7.21718324515	9.37794509285	12.7135105057	14.95326021015	6.97405457295	8.64242571665	3.87637452845	8.4149830724	8.80670283245	11.30677568165	8.79126304305	6.3330465249	2.9154385061	3.03093241455	4.87169112665	2.37704790605	4.18478820225	1.85813476005	4.41826079665	4.08976658355	4.095896169	5.50603435615	4.72371858645	4.0701644034	6.7090089442	7.9297118811	3.3497977112	7.4773535937	4.76846542515	4.0397437857
control.t	270281	M	55	t	260882	261071	153	33.3	t	control	4.6589681417	3.2020223372	12.07496578815	8.0030868807	8.9039120133	6.8459186139	9.5997898243	12.54824887045	14.35619383755	6.7148661962	8.07809487905	3.8267724831	7.7263840871	8.3573092661	10.72136610485	7.95368389855	5.9766903238	3.0171007158	2.60665203455	4.6163070911	2.2484957447	4.02465206015	1.8679251537	4.4298091079	3.7641701436	4.04806143865	5.7284246307	5.2179890845	3.5521691446	6.4378120649	7.444113839	3.9923042585	7.42222692515	3.7454397173	4.18744966055
control.t	270282	F	55	t	260916	261033	116	28	t	control	4.2984340312	2.80993881885	11.63660047305	8.3099760338	9.42945629495	7.1330683876	8.9662596774	12.02844271795	14.2160279066	7.2570537127	8.2241263437	3.89661167415	8.28248226585	8.58724745365	10.9281932759	8.3611355534	6.18661698645	2.868808309	3.08371889195	4.592007035	2.4506362252	4.1562622583	1.85123147995	4.19971475095	4.0764169714	3.94154072005	5.38319828255	4.38946583835	3.999620875	6.3942327089	7.10341941905	3.3804559831	7.31995974115	4.6801168647	4.2273478776
control.t	270283	M	55	t	260882	261071	116	35.6	t	control	5.0145380268	2.97963382305	12.27295920665	8.0902544366	9.1967685732	6.7105538345	9.40895036325	12.31051471545	14.64970387925	6.9880071485	8.7407958139	4.037863659	8.42157976235	8.66464373325	11.05986534245	7.8041427657	6.1719536249	2.9381120831	3.2352557567	4.72922360785	2.3757772981	3.86897514865	1.88414519985	4.45184904185	3.89664865625	4.18274204015	5.74019120655	4.2771620351	3.7211602922	6.57627081355	7.2474406086	3.7579793512	7.3147380318	4.607926405	4.18629374325
control.t	270285	M	55	t	260882	261071	116	34.7	t	control	4.0740634734	2.60940224055	11.2176940146	7.63367781715	9.3361433348	6.8072964974	7.97814320005	11.62527854545	14.1099190953	7.50872652505	8.42029483825	3.75540098295	7.5560631725	7.9338960522	10.2058744629	7.7087234235	5.55399322075	2.78193382545	2.8212211313	4.3427730169	2.1051362115	3.321471289	1.7722285625	3.8852619486	3.99584863005	3.9968560532	5.37668136345	4.39006526145	3.4206129293	6.0154876267	6.5346968202	3.539437994	6.9167553698	4.1027822472	4.0744882283
control.t	270287	M	55	t	260882	261071	111	36.8	t	control	4.48627850285	2.85642652795	12.17691127355	8.27559723405	9.77599149475	7.3994420883	9.3387029123	12.53155319935	14.659170435	6.56943261905	7.81175248675	4.5916424978	7.54943892235	8.1014552481	10.70900888095	8.08954045525	5.89461184515	2.9548525403	2.4683038614	4.94595963115	2.36901475005	3.7968067689	1.7819092188	4.01907598135	4.2675376684	4.36437064815	5.564758994	4.5817291343	3.814121903	6.80503217495	6.82396176345	3.4795887183	6.93907555315	4.3680476594	4.1105160873
control.t	270289	M	55	t	260882	261071	111	38.5	t	control	4.8887401987	2.8608126704	11.86258490545	7.4408601489	9.30805970305	6.6609066661	9.1124863221	12.3635983088	14.780184245	6.8202852275	7.3835727056	4.06054348315	6.7620030267	7.9983939188	10.20892736065	8.34811206665	5.9276591479	3.0663439225	2.7023892553	4.9548015633	2.39188838735	3.9188813367	1.74529747555	4.2044244041	3.89321041315	4.43425228545	5.67660250845	4.42988409505	4.0074631857	6.85531912275	7.31973306905	3.6710626966	6.98591882025	4.24871986595	3.95043207565
control.t	270290	F	55	t	260876	261063	115	16.7	t	control	4.85373031655	2.65913123435	11.84441340855	7.7030527786	8.27706704365	6.749984929	9.25081474055	12.09256518955	13.66532339495	6.935000474	8.8294557411	4.0689756333	8.46388500995	8.7179035239	11.3845539706	8.45226390155	6.39439251415	3.1749607389	2.76860276305	4.37951836875	2.61530016125	4.18450912825	1.7790685195	4.41059317135	4.005423892	3.8911361345	5.73052310795	4.99493209045	3.7622491488	6.9531335717	7.90975872895	3.76587823435	8.20460434995	4.26420737345	4.00346605505
control.t	270292	F	55	t	260876	261063	159	19.3	t	control	4.90023703155	2.9070497533	12.3241113733	8.26111622835	9.32965684395	7.1551361134	9.1894316347	12.19040410865	14.56241304215	6.8559663354	8.9767604123	3.7015395801	8.596970401	9.0324956696	11.8112133992	8.8577778931	6.5353129059	3.13405960805	3.5250550432	4.7398496146	2.50707338985	4.27336179985	1.92592829775	4.3159818878	4.118220817	4.1571368687	5.689394417	4.6005567962	4.3626297866	6.53340212675	7.59192148215	4.3375752041	7.37926685035	4.3299350602	4.0276357944
control.t	270294	F	55	t	260876	261063	152	20	t	control	4.6073712981	2.85467760275	12.2469024854	8.2125186758	9.1080008409	7.165955258	9.40158034125	12.4546965664	14.2809194629	7.0432933485	8.33524210155	4.24236310635	8.2449064606	8.74607055705	11.382266108	8.29200160545	6.29759650465	3.37793040255	2.85936910875	4.4507938585	2.5553348851	3.67565916915	1.88685901275	4.30794482465	3.93843905485	4.08743703315	5.6136932191	4.40399556105	3.7141588184	6.78083304725	7.1049459715	3.67364073545	7.4030487727	4.2209590803	4.046820775
control.t	270300	F	55	t	260932	261075	115	18.7	t	control	4.4319466345	2.665945214	12.02701488	8.4766284401	9.5053052863	7.1797064607	8.42234358195	12.38924357415	14.27772120615	7.1233372328	8.3254404904	3.73114266875	8.2967636943	8.70948180065	11.16739622895	8.64117656905	6.27741895165	3.2015046327	2.763382752	4.6637996116	2.2836480599	3.8565625786	1.83065101395	4.11464961845	3.86559822455	3.9987195167	5.3734773199	4.32423559	3.8422979721	6.5511652768	7.553326231	3.7642275033	6.6911513109	4.6593922463	4.32849454255
control.t	270304	F	55	t	261052	261159	115	16.8	t	control	4.59148274	2.81477783475	12.0755760134	8.18210109605	9.01974344545	7.06537926185	9.2247427657	12.51969945655	14.22905532005	7.04729892925	8.40231729575	3.85493450695	8.3902114145	8.85275055955	11.2890158097	8.46985755275	6.48184541365	3.23426824315	2.74211276035	4.5139526199	2.52294448655	3.93266880405	1.86262590785	4.43192248075	3.7156286196	4.26424984205	5.76723923295	4.46946838935	3.9415437679	6.9511845388	8.1278083313	3.7433294953	7.8518520413	4.25114292365	4.30060221625
control.t	270306	F	55	t	261052	261159	159	19	t	control	4.96066008835	3.1524826534	12.68924788275	8.28357080635	9.2614597609	7.11916809465	9.4405274083	12.9453234596	14.9543278354	7.3604339163	8.6342155409	3.93978307105	8.7260517686	9.16867716495	11.58213171675	8.7110327237	6.4237609444	3.3290453493	3.0228935544	4.6176913299	2.7702310585	3.9407722865	1.97087308385	4.57010283345	3.824657057	4.09868165005	5.57143332425	4.49164275835	3.79443036385	6.75558972855	7.9012605119	3.85067244985	7.72903755985	4.4020952459	4.23943669575
control.t	270323	M	55	t	260916	261033	153	34.5	t	control	4.2914076885	2.88561095215	11.04950628925	7.59705696325	8.44081219525	6.41925347625	8.88061787985	12.2843024939	14.10798659005	7.36636505975	8.51221438445	4.02328322335	8.12032012095	8.87465464165	11.1839224284	8.27238572745	6.21325824125	3.00727328425	3.077272546	4.3599372311	2.29227637255	4.0467585766	1.8527705633	4.22344666055	4.08426919405	3.94733637995	5.61566652305	4.40374342135	4.022394131	6.84176800695	6.6609010255	3.4966489491	7.03727933235	3.88772267705	4.2141598964
control.t	270325	M	55	t	260916	261033	144	32.2	t	control	5.08448870085	3.08455640285	12.5756383578	8.24919938605	9.3447561395	7.03017224025	9.42584114535	12.82782581715	15.0070781416	7.44758901725	8.6015020748	4.07398729445	8.494068021	8.9136819495	11.36208359525	8.35676670745	6.2607769844	3.26944072095	3.23106826815	4.77363249805	2.4801726926	4.14326366185	1.8646938701	4.4903556631	4.27419225855	4.1044097152	5.56505246685	4.65677559955	3.9625572222	7.16187283635	7.3771738891	4.2135345539	7.4469325608	4.2689375632	4.2668992813
control.t	270327	M	55	t	260916	261033	111	35.3	t	control	4.9017090942	2.81795179515	12.2429580155	8.30684292485	9.15860251565	6.9779950681	8.9706253286	12.63584732845	14.5472924525	6.95245204615	8.44594054845	4.175723235	8.1848336556	8.62506143825	11.315879379	8.73007411405	6.2943659372	2.9622046253	2.97740504125	4.3821891688	2.4690524691	4.20808528885	1.8879316646	4.3999994613	4.2257921811	4.0593303537	5.52696561015	4.82456858265	4.1753946728	7.1662712503	7.72859436925	4.00670674945	7.29371696155	3.85137231265	4.1822128251
control.t	270346	F	55	t	260936	261083	165	21.3	t	control	4.7846014822	3.15385749825	12.67056636405	8.24229015345	9.4968529299	7.0896817639	9.97635434935	12.89153847075	15.14389936625	7.19895443785	8.78451042865	3.99391460565	8.27124740655	8.828187022	11.1134215908	8.4948434414	6.4422173869	2.95744686165	3.2327059284	4.47089899535	2.37838016465	4.54292592235	2.16861758735	4.24830567995	3.66390336405	4.15334735155	5.66695905315	4.6606141613	4.4911360023	6.976325693	7.28791981405	4.1930201832	7.2853383087	4.49958105685	4.1924635893
control.t	270356	F	55	t	260946	261251	199	22.6	t	control	4.8338902662	3.0176536813	12.27345862445	8.35287558705	9.1635994371	6.9287984631	9.44077821565	13.07484252565	14.70571303875	7.34731505355	8.1084155138	4.16898548885	7.90318584225	8.5038180517	10.8925417568	8.2806325253	6.23318059825	2.955990751	2.53033353305	4.2715665984	2.4353406105	4.111883697	2.1107919945	4.32760913845	3.88862993845	3.9504530704	5.5094023214	4.5380260295	3.85155062595	6.6688152209	6.76034858725	4.0967925584	6.90707697585	4.4785723819	4.0703647658
control.t	270357	M	55	t	260916	261033	111	32.1	t	control	4.62060847095	2.92734992195	12.040248999	8.0384429799	8.80819809685	6.8029629816	9.2667972516	12.63557571495	14.21056019015	7.0881899368	7.7521221938	4.0759429867	7.6541548926	8.14432474045	10.78784708845	8.1504592986	5.9189006007	2.77521759605	2.5051661157	4.2180185423	2.76697710135	3.92639207065	1.97972385745	4.3650637362	4.1312707271	4.0075281128	5.6072845766	4.76444312025	3.8035456177	6.98287580225	7.5182379381	3.4975658205	7.10094902465	4.28964269895	4.25527757995
control.t	270360	F	55	t	260944	261157	157	20.5	t	control	4.74431222945	2.9632080493	12.3553933448	8.39237095645	9.2770651619	7.19548177265	9.8385844522	12.9454759682	14.6978029047	6.6437817496	8.03049670145	3.94584420195	8.1285982468	8.6376337562	11.20306727615	8.53514523645	6.421891222	3.0974131167	2.71179498055	4.64105433585	2.5837295211	4.07698559085	1.85985840065	4.61542264775	3.9998024382	4.2310216813	5.5343078473	4.9213314084	4.0371795107	7.03430162425	7.74391039645	4.52481639685	7.4504423176	4.45084847	4.0847681659
control.t	270364	F	55	t	260952	270023	165	25.2	t	control	4.72588100915	3.09373508035	12.3526629531	8.21091701575	9.6940721241	7.16312530975	9.20058251865	12.61707988715	14.9252224819	7.0788843749	8.1305073628	4.08352742705	8.1615528847	8.76541446975	11.16350848405	8.6224571459	6.1029842314	3.052785986	2.879781177	4.73192644085	2.29376258585	3.86433310265	1.8895561827	4.61812540185	3.8472018035	3.9519103116	5.53129724805	4.67591852855	3.7403909624	6.76026252865	7.56493231455	4.26813052125	7.38960249365	4.6329754574	4.00293626705
control.t	270366	F	55	t	260952	270023	113	28.5	t	control	4.8089	2.9721	12.0071	8.11295	9.1026	6.93865	9.35665	12.72805	14.41895	6.58405	7.8038	3.9124	7.75875	8.2957	10.82355	8.44035	5.85345	2.9084	2.26605	4.4947	2.40635	3.82225	1.85295	4.5259	3.9107	4.0094	5.49675	4.85715	3.7709	6.6999	7.73015	3.90455	7.11325	4.4639	4.06055
control.t	270368	F	55	t	260952	270023	199	22.8	t	control	4.9924	2.94355	12.2719	8.559	9.27555	7.0046	9.07035	12.84675	14.57735	6.76035	8.7944	3.8306	8.51275	8.8733	11.5262	8.8677	6.3984	3.12775	2.69755	4.8092	2.50845	4.0145	1.80075	4.37195	4.11755	3.8428	5.43435	4.61105	3.99775	6.5164	7.6665	3.90655	7.40645	4.3982	3.9214
control.t	270379	M	55	t	260876	261063	110	32.5	t	control	4.9474892493	2.9656701534	11.93167616045	8.0790815382	8.88661175285	6.8632484812	9.2169576155	12.20784930655	14.3057577181	6.9900767379	8.8083367453	3.8688145284	8.81818919845	9.34427793155	11.9049401272	8.85543189845	6.43120690555	3.1505882699	3.2845159351	4.23436644445	2.42866544565	3.88927120635	1.8682528937	4.57778846455	3.84299622105	3.8397421393	5.66431314375	4.33656562895	3.79600035115	6.4140767379	7.01754966655	4.26625155115	7.5461720829	4.18743970765	3.90083145495
control.t	270380	F	55	t	260954	270069	159	23.1	t	control	4.91473751015	2.93965148355	12.4839941867	8.3043546145	9.2608987924	7.2326887475	9.09567123035	12.6492661572	14.84801364175	6.86412647615	9.1005516755	3.75233224895	8.91461203455	9.15080312605	11.7879927153	8.87804958955	6.30333519505	3.0888769849	3.25149028365	4.78670498645	2.75771177815	4.03683126935	1.95704304415	4.21507027565	4.0825501685	4.1399662396	5.76302155145	4.49037794465	3.74110389605	6.56514307125	7.51991730665	4.1831261972	7.657909547	4.39715951625	4.26636834275
control.t	270401	M	55	t	260932	261075	159	30.5	t	control	4.8509817033	2.8562453525	12.06463073495	8.10462866315	9.26048820955	6.8699958265	9.5095192413	12.6410882186	14.8311940586	6.723944974	8.5024078492	4.0250079401	8.2312088584	8.71168051415	11.07789997705	8.1456306357	6.20143851585	2.86565041205	3.1020929906	4.52026770645	2.2183426899	4.02451625675	1.84825375355	4.4114657446	3.8872176561	3.86888574065	5.62850807265	4.2278048949	3.97258079595	6.60691778225	6.9976002808	4.19321293445	7.27976178465	4.35720107935	4.1720738328
control.t	270403	M	55	t	260932	261075	167	28.7	t	control	5.0488194995	3.0015932461	12.40955255965	8.07527327825	9.15234479165	7.0361023437	9.4403261508	12.89533257975	14.9218377714	6.56602151895	8.4364534789	4.0657464542	8.5155542611	8.79734140185	11.304896121	8.4098504043	6.2292079566	2.90318646655	2.8624871362	4.48952655065	2.3243909387	4.04599517705	1.83202473645	4.27513123395	4.16335001375	3.84977282615	5.5618647488	4.33993275395	3.934801729	6.7394016551	7.1263990904	3.8495936816	7.3676126694	3.98247421995	4.02902853745
control.t	270407	M	55	t	260932	261075	110	31.2	t	control	4.25913518715	2.85838711515	11.44599630845	7.94526932475	8.8574401529	6.8124355938	9.1253169317	12.20586049075	13.9474305096	6.49869560405	7.86080214625	3.8603090086	7.6332204602	7.9414362391	10.36567981265	7.71527929305	5.69989562865	2.86042846525	2.60708300355	4.10629315375	2.3083021638	3.52407675615	1.8476073838	3.9958410818	3.85444484865	3.8002091006	5.43973787885	4.1092385711	3.4412148767	6.55859450925	7.44543696845	3.38305816435	6.83200824105	4.1466452332	4.24247820345
control.t	270411	M	55	t	261052	261159	152	32.6	t	control	4.7593417442	2.9504907892	11.9511082088	7.8126616383	8.997484841	6.74695456175	8.82794629265	12.34512731365	14.4599736757	7.17952201745	8.1286423174	3.79044754585	7.8117193752	8.03505117815	10.58083041555	7.7201821411	5.6899511714	2.54419456155	2.90495983775	4.559370193	2.40903922675	3.98312436515	1.77255644855	4.26801516375	4.0107859722	4.1282162673	5.619167011	4.2054245178	3.7916283748	6.61861355495	7.11769202015	3.4210720097	6.95433267135	4.0945571477	4.32283705755
control.t	270413	M	55	t	261052	261159	152	32.4	t	control	4.7533359905	2.77381767205	12.15494397785	8.0212137845	9.25808786125	6.91902014055	9.59979328335	12.6122319078	14.5878365092	6.92633256085	7.96260459015	3.8668516216	8.02702957515	8.34401683555	10.80707543545	8.21021144465	5.642437654	2.91796401405	2.490342904	4.80022782345	2.9842752871	3.87648773285	1.8065958863	4.23625161485	3.97265148365	3.97142985455	5.74106119175	4.33818134545	3.6687986744	6.50435850865	6.7077639514	3.9547505624	7.28667898425	4.4260651827	4.2150911348
control.t	270415	M	55	t	261052	261159	110	31.7	t	control	4.4438481872	2.8194659638	11.92066884445	8.0486914956	9.3560879796	6.91919174545	9.2385750182	12.3434274074	14.35575834135	6.6863166252	7.72515697645	3.9631611031	7.7374844195	8.3320617737	10.85682229725	7.9535304719	5.9095390481	2.9563187608	2.491206081	4.86694856975	3.0586894315	3.9070713691	1.7963283462	4.2133894711	4.1192666505	3.75381871755	5.76612427175	3.95508548675	4.12381353735	6.69245838085	7.3454035659	3.9826440318	7.2346090226	4.1571422062	4.09544012
control.t	270417	M	55	t	261052	261159	110	32	t	control	4.75761472895	2.96080762825	12.13578135825	7.81289557685	8.76564681045	6.82353490495	8.8583744683	12.10092204645	14.15472060785	6.7567178444	8.27394096875	4.019417576	8.2569358137	8.7552904646	11.01036440265	8.1405438588	6.17195271585	3.03110166995	2.99976011645	4.152647152	2.7012618755	3.9812223591	2.04351823355	4.3183461021	3.64361686025	4.08886377995	5.49954767715	4.1154505962	3.7563822777	6.60910266175	6.8782539036	3.8336756164	7.155044936	4.24051713145	4.2485903774
control.t	270437	M	55	t	270020	261131	109	29.3	t	control	4.70652650885	2.94256779645	12.11088169525	7.99719340425	8.9135244021	6.89898120085	9.50182348915	12.43755321165	14.3589768342	6.19779821875	8.06999588095	4.0750535828	7.92525407715	8.26918899585	10.90492837085	8.10219647485	5.88022981885	2.5774904461	2.8820052771	4.30072428015	2.5966344445	3.9186822218	1.9168975928	4.1223335864	3.88585948445	4.00470612685	5.47485223585	4.30085644125	3.8022092	6.6208680386	7.31300252205	3.7937842569	7.06080892345	4.42581171535	4.29092394315
control.t	270449	M	55	t	260936	261083	165	29.8	t	control	4.9925994107	2.59034541095	12.5427380987	8.0303206822	9.43306836945	7.03577415455	8.4460590405	12.3237228482	14.7967036013	7.71154743485	8.4932386947	4.1298949274	7.89612640965	8.2194407293	10.9471654446	8.2454995732	5.8326253188	2.74721432995	3.3851154698	4.5278732041	2.40295593775	4.1357021622	1.95287059795	4.27987065235	3.8252131759	3.9818684391	5.78374406965	4.6892404919	3.8411807302	6.6281651407	7.7625003879	3.8031102732	7.29331735455	4.47200580385	4.14776777805
control.t	270451	M	55	t	260946	261251	157	31.2	t	control	4.8326103108	3.0617538672	12.58781191675	8.1059079981	9.3703794659	6.93954414965	9.4100656126	12.7675997841	15.1043227518	7.2746667507	8.6632314223	3.94826107995	8.26058934425	8.6676078351	11.1479643917	8.17176590015	6.07260730805	2.8707726718	3.2592478375	4.7117699574	2.31492213315	3.89196337305	1.9564416829	4.35530701415	3.96859676805	4.1908100785	5.7968295666	4.62854807175	3.71406201205	6.69335127965	7.42905388535	3.9222336506	7.01676105305	4.19057503275	4.22952835175
control.t	270461	M	55	t	260944	261157	157	20.3	t	control	4.45998481655	3.21452881435	11.6739417512	8.0326824989	8.73381723655	6.7490448023	9.4320829969	12.8099900212	14.31498354985	7.27153079775	8.33208399565	4.00616602915	7.6590945553	8.3126486609	10.7816035061	8.17211584325	5.806544675	2.66166111065	2.33374878975	4.4238349686	2.53634269715	3.8899133488	1.91948239205	4.30581887795	3.66759417185	4.2237146471	5.59772204165	4.4467874406	3.72784880935	6.79275699045	7.4532662819	3.59203915735	7.37376112325	4.2082478857	4.17720769175
control.t	270467	M	55	t	260952	270023	150	34.9	t	control	4.4443450745	3.04178152195	11.9590115664	8.2240382079	9.07920913965	7.1108116092	9.1461408083	12.37139825445	14.17458982205	6.6196838426	7.9155596	4.06053062475	7.6444898127	8.1698974641	10.6731320212	8.24554253725	6.02733801395	2.73788735895	2.65685652135	4.56754825945	2.54719988265	4.0479857598	1.8356596453	4.3059111371	3.95155765245	3.8712080754	5.36566848475	4.7327531339	3.92056337615	6.60975057665	6.9860659321	3.6790091399	7.00566438345	3.9749262133	3.85290593385
control.t	270479	M	55	t	260954	270069	151	21	t	control	4.49755659185	3.1910190859	11.8384188738	7.9548553772	8.99754110665	6.7608577749	9.06080585375	12.4426999823	14.3261280226	6.92048202675	7.76110179415	4.01755368115	7.44552627725	8.1427649122	10.86281016275	7.86224508925	5.9102178495	2.9281605432	2.61556222365	4.76886826195	2.66845960415	3.8949163933	1.9296876539	4.3897054986	4.17203911895	3.7171691973	5.66835293385	4.3326407794	3.75728840585	6.6752380301	7.1902751778	3.7270346549	7.29928950055	3.83425736185	3.9765773667
control.t	270496	F	55	t	260970	261137	146	21	t	control	4.7871030135	2.82951046345	12.06225078425	7.8807494068	8.90089398575	6.87353896965	8.9880954835	12.3986043279	14.2703027199	7.64061666585	8.07883200775	4.4283764171	7.8204432041	8.3953063668	10.82322111615	8.4032031407	6.1145844363	3.12757612955	2.68984689305	4.4217855342	2.5367449382	3.7642170352	1.866897833	4.4097575036	3.63709551205	3.86225799825	5.17607543475	4.5976480562	3.53595867475	6.69293817105	7.14094959805	3.599362914	7.33117320635	4.74684473575	4.19634041395
control.t	270526	F	55	t	260940	261093	143	17.3	t	control	4.8070289927	2.4087844334	11.8278209639	8.00930123145	8.3183039946	6.6899533568	9.8636949855	12.4872610832	13.82943552025	5.88032117905	8.41435445495	3.7052961535	8.50100601545	8.7680754661	10.96874340955	8.20722048145	6.3951666484	3.08408993705	2.9485030032	4.26040286125	2.6515597838	4.6037017764	1.80194537935	4.65174467685	3.59949645895	3.9178797206	5.68395711045	5.2071117826	3.9522258981	6.3616822874	7.43570442165	4.18148061835	6.96046995215	3.97997929475	3.9020295051
control.t	270530	F	55	t	260940	261093	177	19.7	t	control	4.736998722	3.0567799297	11.9493500416	8.12371500535	8.7042575136	6.76888055485	9.035872187	12.6771047404	14.04421674585	6.36640979255	7.7166231935	3.80425230965	7.7888468967	8.06804007625	10.4037002695	7.66892287255	5.8999464896	2.537671643	2.33028463945	4.3663201208	2.41015190595	4.0232685362	1.7374621443	4.6062652634	3.6286703857	3.77027696005	5.23759637365	4.38340243525	3.83320522445	6.4859011399	7.3540211247	3.81487420755	6.6654873044	4.3792794383	4.14793246325
control.t	270584	F	55	t	261010	261145	136	27.3	t	control	4.6214999858	3.10337180175	12.2008801749	8.18819387685	9.3687997676	7.27244716455	9.23055531225	12.71902175035	14.7167213712	6.62226391685	8.1721375323	3.99879591755	8.0586292934	8.4094856758	10.96624533395	8.0937079291	5.92148671985	2.71774510845	2.70702178795	4.4167484566	2.28877167515	3.95393082095	1.74219863945	4.44672030765	3.9448392002	4.02059852145	5.5362328638	4.5235647226	3.9432785639	6.7730343766	7.7781778693	3.7795604427	7.2231566709	4.4334591064	4.1257630983
control.t	270586	F	55	t	261010	261145	136	29.1	t	control	4.98624947785	2.8399008434	12.49431021625	8.1333086023	9.33981928965	7.00906113575	9.5533493087	13.20796957295	15.0566437793	7.1233245274	8.1278156613	4.2739285672	7.9571892389	8.59398506145	11.43767830925	8.637670594	5.9890110144	2.7351610835	2.4525971954	4.4187853743	2.3927995022	4.127230084	1.9722046756	4.40343092245	4.15997942455	3.8894268092	5.60930336405	4.61347118765	3.940543661	6.87701382105	7.57842484345	4.186042629	7.50952944515	4.3151148823	4.04974609755
control.t	270591	M	55	t	260970	261137	180	23	t	control	4.91087065025	3.0320571139	12.7266049387	8.40779565185	9.5347787005	7.21191716125	9.9609381474	13.26845569685	15.13605690535	6.8060582168	8.0289903869	4.13913202985	7.93106301635	8.68335713705	11.2294109834	8.4670921226	6.15018140585	2.9028719904	2.52762315295	4.81070265545	2.5277060316	4.1778320437	1.84019685125	4.59316884545	4.06111704695	4.0143783748	5.5160780135	4.7062543684	3.9083452531	6.65476666485	7.0614079082	4.0725674257	7.4547467141	4.53021113475	4.00900776635
control.t	270592	F	55	t	260910	261091	132	21	t	control	4.79761863715	2.88334948835	12.1593994718	8.3032631169	9.1171477675	6.87384091	8.76434931825	13.00108076455	14.54242730155	7.34734086615	8.0720428178	3.96548465015	7.7193834951	8.32417203915	10.8913819483	8.40598528425	6.2729037063	2.9806840189	2.2538377246	4.40572468625	2.52247132505	3.8942455165	1.88241790565	4.0219312896	4.0141194679	3.7789271105	5.4247028759	4.43253195335	3.9229762472	6.73340948115	7.66910279005	3.60771518755	8.08546497895	3.91999465115	4.2525114384
control.t	270596	F	55	t	260910	261091	166	22.5	t	control	5.2205083343	2.7632652474	12.50364168925	8.0509073449	8.6773346138	6.837837929	9.42647829895	12.69131278625	14.28456627395	6.9300326358	8.1856423941	3.84224613045	7.99846363345	8.33671112695	10.78790475375	7.92601235585	6.0533713741	2.8658728211	2.74762191795	4.5664973415	2.5489965807	4.42749819995	1.8779520137	4.6658943782	3.9543907546	4.01449716385	5.6821018494	5.1470566794	4.12096548705	6.69767902225	7.61587565365	3.7083274506	6.7073464507	4.2514412607	3.9773654173
control.t	270599	M	55	t	260970	261137	180	23.4	t	control	4.98877896005	3.3592302379	12.50165684605	8.41569305995	9.09940221925	6.9362157162	9.87798215245	13.2063685636	14.87004037145	6.3327700142	8.2487584067	3.87436197795	8.21634277855	8.762646194	11.11332895985	8.38964932335	6.1894364599	3.23771686085	2.7831055705	4.97918145	2.6215845884	4.33015792535	1.86923296205	4.7351733916	3.9738533385	4.2448604897	5.64771264195	5.2315363647	3.40318486835	6.75358967785	7.6299408295	3.73612514045	7.31911653845	4.8393776023	4.25183703015
control.t	270779	M	55	t	270060	261117	131	15.3	t	control	4.71933333415	2.82422895565	12.2502365129	8.31007846435	9.5121375503	7.1500620934	8.8358343112	12.64203276135	14.6606999022	7.5127859411	8.15758909265	4.13526573055	7.89109775215	8.59678920345	11.10952046245	8.54243845805	6.3056704045	3.11335483105	2.7147168277	4.52443587185	2.4534636058	3.95906894275	1.98424394885	4.60739649015	3.84864493035	3.97007041345	5.53243685995	4.5637066174	3.80671491015	6.70537776805	7.261887001	3.8445939712	7.52306643935	4.34551085875	4.22361702615
control.t	270787	M	55	t	261010	261145	155	17.1	t	control	4.78869148055	3.0019800605	12.24881574495	8.0647735568	9.252920039	6.95960482385	9.6549672858	12.773613982	14.8596651125	6.8559966871	8.11458008365	4.1066994005	8.0358026724	8.64845320215	11.092172398	8.2551743444	6.16048154055	2.97493827215	2.8458139554	4.5245870257	2.51944288835	4.0258581962	1.83489832015	4.61014182235	3.9663449813	3.9804497645	5.6141368591	4.48377059385	3.82808826195	6.70460075845	7.2558979779	3.95747594675	7.2051125755	4.47918850645	4.2099188364
control.t	270789	M	55	t	261010	261145	170	16.5	t	control	4.61071568055	2.97951740495	12.3649040648	8.7016670382	9.55521668905	7.2141817084	9.1869191228	12.8696378701	14.8654848427	6.95054099515	8.90499154035	3.76926806225	8.6814089039	9.0376556782	11.5430169959	8.56940072395	6.48803397775	3.24592609895	3.194038296	4.47829133795	2.29276350005	4.10991126125	1.85818222405	4.11530027055	4.1341702577	3.80947136555	5.4183508858	4.3742024941	3.82648189405	6.22829482665	7.25249587285	3.6228981134	7.1119692688	4.39230930555	4.0046103991
control.t	270801	M	55	t	260910	261091	166	17.2	t	control	4.6981991621	2.86875178835	11.87523199415	8.5214936903	8.9744189848	6.72634957185	9.26827910445	12.54874882665	14.0899135922	6.53956716235	8.6932727583	3.90220890935	8.36162725695	8.79878353595	11.09931275395	7.95303048725	6.1826515613	3.0630485204	2.6808428717	4.5831120144	2.35553289745	3.80516975565	1.8491849005	4.342694411	3.83991172515	4.237809318	5.73383630715	4.34807092445	3.54636174235	6.29796779615	6.78901865485	3.7754359546	7.24221196395	4.15157145165	4.0852119313
control.t	270809	M	55	t	260964	261213	166	18.9	t	control	4.6447435132	2.96777471805	12.1934506632	8.4267932609	9.2432170781	7.21823856035	9.287922062	12.59357078215	14.5024368763	6.5316449089	8.6758685053	3.81914346285	8.7542218702	8.7096416886	10.87848919465	7.6889829139	5.96131452185	2.90181645945	2.9594805495	4.2493000119	2.40186855135	4.02230046865	1.93085564645	4.317377494	3.9257276526	3.8856462658	5.5235507533	4.4244954368	3.7148838986	6.43452431655	7.1779583688	3.75064876925	6.8343400822	4.25058099665	4.2109437769
control.t	270811	M	55	t	260964	261213	166	17.6	t	control	5.251542192	2.9846926048	12.51085739205	8.17149551685	9.0027775942	6.96322693635	9.1515596724	12.65732306935	14.7021075841	7.30235392895	9.0074431806	4.0551751896	8.72950247055	9.1663790568	11.5720983808	8.53311113315	6.4408511492	3.1162630552	3.1975976948	4.4044497458	2.4699738291	3.9322923035	1.84010820845	4.4602985196	3.974025051	4.1455045921	5.6483875515	4.54421454725	3.72827672235	6.3543294803	6.9780239332	3.6724267588	7.52460250055	4.45475066625	4.17588233745
control.t	270815	M	55	t	260964	261213	151	20.1	t	control	5.00792850845	2.8385922474	12.219057766	7.7150692338	8.46878782195	6.8408776986	9.46580091195	12.34911449585	14.06065696015	6.92697754105	8.17272504215	3.98425721055	8.1511139156	8.6171510077	11.2385681495	8.41886660015	6.23672165505	3.1509550976	2.7394321938	4.46312772395	2.65935396515	4.2249089286	1.84508298455	4.44659400035	4.14380507975	3.9397565176	5.92217293175	5.20006739935	3.68940247715	6.92143860395	7.60126132035	3.88325047975	7.54216206175	4.30341954265	3.93504372585
downwards.h	270198	F	47	h	270086	270137	161	20	h	downwards	4.61135	2.80145	11.78205	8.17045	8.96215	6.96175	9.35205	12.4865	14.24275	6.73805	8.05685	3.6105	8.1457	8.57935	11.00165	8.01805	6.0462	3.2229	2.7985	4.168	2.519	3.62475	1.85275	4.72485	3.8898	3.7374	5.3815	4.14095	3.3787	6.4786	7.92935	3.91825	7.64	4.15915	4.20215
downwards.h	270202	F	47	h	270006	261305	105	23.5	h	downwards	4.19188797075	2.7831200256	11.1219282468	7.66974855475	8.50789888075	6.6109968337	8.6046567853	11.80815944175	13.51664190145	6.92808064325	7.83604560315	3.8441709644	7.9737417887	8.22189721745	10.65131717885	7.7552641397	5.73443675875	3.012819182	2.62756629145	3.84654437285	2.35130177735	3.4733879004	1.7976440055	4.2435766524	3.81977171225	3.5113675694	5.2808029976	4.1471204645	3.2736767331	6.37083823085	7.19006354915	3.98622974075	7.27538200905	4.0054906987	4.06856876735
downwards.h	270204	F	47	h	270006	261305	105	24.2	h	downwards	4.0737187093	2.61869481685	11.04393376195	7.8672182061	8.71874970775	6.52096632115	8.42094406415	11.83515243305	13.5107251611	6.8827563427	7.68655047745	3.569616706	7.8966021654	8.2682400759	10.52185306735	7.5254312138	5.77447027065	2.8911881878	2.63870098265	4.0548151388	2.3614535216	3.64091604355	1.77607150105	4.1726746928	3.58286685405	3.5961056099	5.34212677845	3.83684543765	3.5177440392	6.47399995575	6.60366264245	4.89813863085	7.21028242015	3.8936303908	4.54730873635
downwards.h	270206	F	47	h	270006	261305	169	22	h	downwards	4.39828400035	2.5955667297	11.25211385795	7.7648975164	8.77566059255	6.69451616375	8.61585101365	11.8559307853	14.02482174655	7.1271352071	7.9466856866	3.70714726455	8.07536507975	8.6012111387	11.1400367925	8.1231624943	6.03440751885	3.0646647686	3.0751093855	3.86048866965	2.6823221437	3.70765662705	1.88135673715	4.40291735855	3.95959413455	3.81916375875	5.4225594684	4.02214083345	3.53745055525	6.3681516696	6.7339847018	5.2118513128	7.37009651515	3.97368114565	4.12647171045
downwards.h	270210	F	47	h	270084	270107	105	25.1	h	downwards	4.7271781347	2.57481101885	11.72755473125	7.7487035655	8.65351628295	6.77983074475	9.15428500565	12.238826465	14.0639965936	6.930526472	7.9009691714	3.7284410791	7.98739726265	8.5201161148	11.11684308645	8.27688263555	6.11921177885	3.1401460195	2.7422538002	4.0626849805	2.3774364095	3.62714742485	1.780050412	4.50490022435	3.92125811115	3.6327869068	5.3977007415	4.37606338935	3.52651537675	6.32486602475	7.75599964575	4.1674612904	7.74635181705	4.21103293805	4.056300197
downwards.h	270214	F	47	h	270084	270107	105	24	h	downwards	4.25973731555	2.49430634255	10.9649507307	7.6179496385	8.5604305423	6.62310294815	8.7678863995	11.5817826272	13.45812753425	6.58786220945	7.7689977651	3.7542875668	7.90572943675	8.30804802005	10.73804030335	7.96011123785	5.84928278595	2.76345684915	2.7588114301	3.93178982435	2.50304606995	3.7628879414	1.76123606845	4.34675441935	3.7228001444	3.77304432835	5.3924880187	3.9909331418	3.63314512545	6.28047255745	7.75997101865	3.9202962043	7.70388155455	3.86160976395	4.33028822665
downwards.h	270221	M	47	h	270086	270137	117	28	h	downwards	4.59589414965	2.5904431092	11.510917724	7.6481774143	8.80931685025	6.6736040238	8.93910995875	11.9672023855	13.9811814484	6.84806442345	8.01783431625	3.78304877845	8.12825071855	8.73443065475	11.31886221275	8.18008969135	5.96250548855	3.089059469	2.6249222964	4.3108242667	2.591027547	3.68936853735	1.8650094218	4.57791725295	4.0365099604	3.77499438895	5.55299240255	4.09423078805	3.62604146995	6.41653586735	7.78592433685	3.9934195296	7.92377980045	4.01519547005	4.2640074731
downwards.h	270223	M	47	h	270006	261305	154	25.7	h	downwards	4.30845608495	2.673884834	11.43370053605	7.7729485316	8.81581375565	6.85929632965	8.88469172175	11.6999204144	13.7234895083	7.0625293887	8.0193946518	3.8481155168	8.1343632477	8.6573196349	11.272991229	7.95726077555	5.91560299055	2.913326662	2.8705322242	4.17940712045	2.666431374	3.72871140095	1.8980296145	4.4106184775	4.02093204005	3.7061094604	5.6354910977	3.9498445744	3.6054433245	6.3289621347	7.49749324535	3.68753214765	7.51835928615	4.2772675448	4.1730833887
downwards.h	270225	M	47	h	270006	261305	117	27.1	h	downwards	4.4954205595	2.76251234865	11.3523098195	7.5355853992	8.20674512175	6.615465927	8.85107968675	11.70667261345	13.48720530065	7.0142725815	8.0443972816	3.6400219375	7.94505936345	8.4102013883	10.78443921125	7.85643442005	5.9201495265	3.0966815177	2.9102131078	3.79608259015	2.78335163965	3.5798303026	1.8030712166	4.4849971511	3.769178059	3.7493780147	5.37678451705	4.04521885785	3.34287816585	6.41767973185	7.39347732215	3.70298763555	7.43135510685	3.82103575735	4.1549212229
downwards.h	270227	M	47	h	270006	261305	112	28.3	h	downwards	4.27825770965	2.44651964865	11.1226745743	7.60672884555	8.52954008545	6.70242626205	8.4906670914	11.5983917318	13.4734131929	7.02389538015	7.84899948515	3.528689432	8.21018596195	8.5555533392	10.9107492556	7.9019229486	6.04272467335	3.0183564527	2.81966540385	4.1355229883	2.48243638855	3.6604469427	1.63117009215	4.465865794	3.8351762831	3.64550279995	5.3782017512	4.0318640879	3.63477672495	6.19850223795	7.74166173185	3.6950249292	7.19494294	3.9723875562	4.2963930609
downwards.h	270229	M	47	h	270006	261305	112	27.6	h	downwards	4.43340460755	2.76953788975	11.24193497365	7.6084970481	8.6604128848	6.5554478622	8.54646152525	11.6282891783	13.6921937697	6.64506556775	7.90806196735	3.5058380611	8.2008668148	8.65581353905	11.14066825215	8.1252743421	6.02284706055	2.8833820243	2.8660196611	4.0710292302	2.4155100567	3.71493874875	1.83801778835	4.49432599515	3.9026517451	3.7737097432	5.6056700865	4.08173888635	3.65865248125	6.246941385	7.66295987845	3.8643338605	7.6237934088	4.1782413265	4.09214082395
downwards.h	270233	M	47	h	270078	270105	153	26.1	h	downwards	4.5368775069	2.81200385305	11.63982807535	7.75486175575	8.7659875587	6.7964144726	8.99249449825	11.9715073005	14.0124778694	7.20293705635	8.0598610427	3.92057653845	8.1280166162	8.84271789675	11.2624221584	8.23554020255	6.3407955446	3.18509419175	3.0095776497	4.1596885029	2.4017859038	3.81481138235	1.821061413	4.69889196495	3.85525843965	3.52997161275	5.53636766015	4.5171120088	3.7522694863	6.46182985075	7.09126922625	3.87517963555	7.59912699905	4.25940843595	4.04111012165
downwards.h	270235	M	47	h	270078	270105	116	27	h	downwards	4.3810727438	2.55109625425	11.41694685085	7.78529252145	8.6894612122	6.7650607509	8.4717021252	11.8096457957	13.67966241905	7.21026834495	7.86359434085	3.6869393168	7.9037760966	8.49051716655	10.9536351038	7.78798336545	6.03463646975	2.94829422725	2.75603071345	3.92519524005	2.30321888775	3.69782514545	1.82020593775	4.2871087263	4.0493874132	3.724116016	5.5070672624	4.1821856395	3.541953146	6.44958600455	7.5328161402	3.7700754693	7.4626945319	3.86764800715	4.0785414129
downwards.h	270237	M	47	h	270084	270107	116	26.3	h	downwards	4.3546841387	2.7748513098	11.55962213175	7.7823426346	8.72845450435	6.9006968088	8.832078164	11.9866408837	13.8963033205	7.4493919407	8.0648162957	3.9401841646	7.9313136195	8.62697564195	11.16516109355	8.02834686595	6.1560522284	2.9947833849	2.8285108998	3.99670237555	2.52806112685	3.80050313455	1.85967545405	4.45131733565	3.8281703098	3.89692867085	5.7060732801	4.2716652175	3.77510434	6.61942324265	7.94598874335	3.43168389345	7.7577016523	4.175774447	4.3321306762
downwards.h	270239	M	47	h	270084	270107	153	25.7	h	downwards	4.4644279066	2.74039019355	11.6168736739	7.8921596422	8.86269598335	7.1102494456	8.9150954517	11.97371732055	13.8911312917	6.93640213715	8.03524346105	3.7602113936	8.07417783835	8.50296539675	10.99850130015	7.8533260826	5.8557733406	2.98592136135	2.69439167235	4.0229330426	2.4533295811	3.56421317885	1.83883552435	4.3704176121	3.9412420554	3.78341560625	5.49065927815	3.9840913591	3.34480642595	6.3969757354	7.498699505	3.84901432645	7.388626303	4.0898877494	3.99689264755
downwards.h	270241	M	47	h	270084	270107	111	25.3	h	downwards	4.42627791575	2.5887121264	11.44244727445	7.78930956215	8.5543767848	6.87634985325	8.92923943405	11.97419982175	13.65769188745	6.84627163275	7.96920873055	3.6709087599	8.12581783915	8.49905089	11.1103041553	8.05526687845	5.9829153913	3.1475858381	2.6206761911	3.89994264625	2.65711060785	3.59684958215	1.83120057515	4.6229002014	3.9152444679	3.51794987315	5.70380424355	4.2890048907	3.3963975917	6.5013518465	7.66925813555	4.13727189825	7.35755879975	4.1928289704	4.14844497185
downwards.h	270243	M	47	h	270084	270107	111	26.5	h	downwards	4.2957973995	2.6092848865	11.29609629215	7.7402857222	8.71702700665	6.9147436843	8.93801430665	11.69292461055	13.61705939815	6.7899463629	7.91464566675	3.8371335377	8.12665711935	8.4545923375	11.0401498239	7.79191524725	5.87596597835	2.84453112115	2.7756776271	3.99626321975	2.4704391918	3.63879382065	1.8002424634	4.4697941868	4.03055361895	3.83153083145	5.60066292535	3.97530465575	3.48255988015	6.23138896985	7.0138926649	4.02352620405	7.64978894025	3.95270176625	4.1070689391
downwards.h	270276	F	47	h	260922	261025	106	15.7	h	downwards	3.9623718245	2.634087617	10.5707063203	7.33638359725	8.2584274118	6.36159746755	8.0028833945	11.1932271115	12.9427503373	7.0800131021	7.36245554215	3.67188495595	7.49728206075	7.69773312135	10.0409454283	7.34788387415	5.2803890656	2.5668507359	2.5702850878	3.7962895362	2.4229895934	3.48601392015	1.7323915841	4.0072294049	3.60873901955	3.7247185178	5.3017527827	3.83378449265	3.22126527785	6.2038490861	7.48269791995	3.55798506725	7.01671054065	4.11090681565	4.3117716847
downwards.h	270284	F	47	h	270010	270135	103	24.4	h	downwards	4.24715988435	2.6351693294	11.35921687305	7.81626861835	8.99469341085	6.8853805671	8.61315127175	11.7813217768	13.7760726879	7.05415213745	7.84160450835	3.7483340687	8.0199684128	8.4342911518	10.9880140763	8.0979554407	5.84551445655	2.9988434768	2.65943381675	4.09539638915	2.3393545924	3.54984047705	1.8916417364	4.3790184619	3.8538984749	3.7550900382	5.50106364675	4.17618776635	3.56740918315	6.48626247575	8.05176957575	3.7666501338	7.5530434515	4.21015081035	4.2337020201
downwards.h	270286	F	47	h	270010	270135	103	17.5	h	downwards	3.9943726079	2.7087063502	10.9312566356	7.75750709355	8.66447342885	6.69266433725	8.55792234015	11.5750731738	13.32447096895	6.7883603613	7.430245147	3.62723207225	7.76137920415	8.24845107405	10.74002234355	7.87142740665	5.7773480981	2.8497255394	2.5534879265	4.0114898393	2.54136571985	3.4743003626	1.768657593	4.2596765564	3.6674105722	3.6919699486	5.31117895085	3.88414842495	3.33036928115	6.47160550185	7.85141778035	3.813811968	7.28823595595	4.3392300334	4.28283495925
downwards.h	270288	F	47	h	270010	270135	159	20.1	h	downwards	4.35387247405	2.73072547655	11.48694179755	7.9058032562	8.84090220265	6.7231332305	8.8256232426	11.9917738443	13.73718142775	6.91371118115	7.8538327928	3.6268926419	7.991271419	8.36572675215	11.0259578279	7.77967717405	5.81390745765	3.1605856715	2.48730280495	4.2580813543	2.57494010825	3.3554460595	1.84109779915	4.4139143847	3.9554936871	3.7700845115	5.63186519745	4.15073117665	3.09279811775	6.3668553307	7.81430907435	3.9248379384	7.45916812095	4.19023577905	4.15801336295
downwards.h	270317	M	47	h	260922	261025	146	18.2	h	downwards	4.34226971595	2.63285698035	10.99092438905	7.4884184754	8.1516648783	6.4200810523	8.74337160355	11.4686202815	13.24648264205	6.7065475102	7.8114918091	3.41465296135	7.8172841013	7.8950308651	10.15064663515	6.9712599286	5.5300290906	2.84406209055	2.8905760818	3.8250237893	2.6732063987	3.7264592804	1.70745530325	4.29755253875	3.9099563794	3.42740180025	5.21073218135	3.82533313715	3.45629974075	6.04282008595	6.8708676821	3.9143653102	6.5343938545	3.79972172255	3.95802955855
downwards.h	270319	M	47	h	260922	261025	162	20.7	h	downwards	4.4788013725	2.86370663905	11.20427666555	7.77136973415	8.62083302875	6.6141419293	8.7080582224	11.92885979165	13.75624754685	6.47840465725	7.6741266329	3.151990698	7.66761253965	8.2028352134	10.50338209535	7.6570817837	5.8666140505	3.00901856025	2.72509292505	3.99296831855	2.31263023925	3.5816238394	1.6910753055	4.44613729075	3.8230719857	3.49669080935	5.1746178178	4.0074786039	3.38734512275	6.15582517585	7.47173298735	3.8598473868	7.16839374715	3.8379847925	4.08687963575
downwards.h	270336	F	47	h	260926	261303	102	17	h	downwards	4.1836347213	2.76918409155	11.02546399805	7.5303712622	8.49834031255	6.4256925863	8.2504496893	11.4775712206	13.29193929205	6.9696266497	7.7689724488	3.72475207475	7.81163291835	8.1359364698	10.5566962662	7.40572078375	5.63081907335	3.01131937215	2.4619319287	4.0467602702	2.2389596605	3.45970372265	1.8469941771	4.10407122	3.7611426874	3.79926886635	5.572180421	4.1341695196	3.52838470515	6.5242839804	7.77949191435	3.487484421	6.57626485785	4.1259545183	4.5738821727
downwards.h	270359	M	47	h	270010	270135	201	25.7	h	downwards	4.60483156195	2.7614654706	11.6387653417	8.004196364	8.716309373	6.6758165964	9.1469514217	12.36300636275	13.9344675315	6.92329212435	7.9040587432	3.7968404955	8.0855899753	8.5753144905	11.0384156826	7.9963987213	6.13361621215	3.3431991068	2.51688551845	4.1912169743	2.54041772355	3.5346719526	1.7781584355	4.79381299335	4.0273061734	3.5163477366	5.41163245325	4.1315460687	3.0886943711	6.1689896463	6.89975427905	4.1507850818	7.49024359605	4.23235667725	4.1934040261
downwards.h	270361	M	47	h	270010	270135	143	26	h	downwards	4.56052178585	2.90135102445	11.46864985745	7.70395150255	8.74977238795	6.6476002781	8.57260047405	12.00319863115	13.961508244	6.95883822345	7.97633464835	3.69354563655	8.21188027685	8.60364300085	11.0881515215	7.9684093978	6.0819881648	3.1800873651	2.7171199055	4.1957163364	2.36698705055	3.56572362125	1.72927396745	4.60845663425	4.0520985388	3.58283957715	5.3225466035	4.1437488892	3.3008270379	6.37130394605	7.37194441805	4.02538469745	7.13387120235	4.0841866523	4.1646177569
downwards.h	270363	M	47	h	270010	270135	110	25.9	h	downwards	3.9920375878	2.6560062966	11.60163618095	8.1809346209	9.0224621534	7.15293283505	8.6891137222	11.87174439305	13.61531882085	7.04603163885	7.8998700396	3.6724709562	8.15316143375	8.47800010925	11.03210632605	7.75265812715	5.8788764259	3.2779726194	2.73498838765	3.96848426575	2.62634746135	3.3985588175	1.8377538571	4.4737660746	4.21979063075	3.68488244195	5.4418349422	4.1110537187	3.2601638576	6.47600509205	7.5879437675	4.04045496415	7.20225424645	4.1026543416	4.1091319461
downwards.h	270365	M	47	h	270010	270135	110	26.3	h	downwards	4.48706350665	2.7963270737	11.5527525681	7.8938579515	8.6910894562	6.72889137615	8.6775245561	12.19015900905	13.88654743245	7.29330137405	7.8228798576	3.5419542598	7.961651404	8.3633867652	10.9600977741	7.7253423755	5.6740455417	3.04349621015	2.64632111595	4.05969053995	2.6569472602	3.5751543908	1.77727268305	4.4759691577	4.16536916235	3.63895774225	5.46559251705	4.0481040444	3.294445192	6.24996069885	7.6058547354	4.0541318006	7.45789016375	3.9197783588	3.973221333
downwards.h	270367	M	47	h	270010	270135	167	26.5	h	downwards	4.5330670773	2.7029906206	11.48375997115	7.96664007115	8.66391116965	6.49471130125	8.74277905985	12.21665437655	13.79373360375	7.16849063505	7.84351919635	3.72830759645	7.81668942675	8.44061983055	11.0224022323	7.9484740064	5.9643849218	3.2796340085	2.5211584501	4.05680360125	2.7864055435	3.5887373816	1.89313248355	4.5530380938	4.010537338	3.63824480575	5.40462565555	3.9504038863	3.1844621537	6.26260298245	7.4957747671	3.63437606205	7.2054096787	3.9928315516	4.1004441643
downwards.h	270369	M	47	h	270010	270135	167	28.6	h	downwards	4.5520336032	2.76114490575	11.78679648345	7.9277149912	8.84041140095	6.7419656325	9.22909813095	12.1494870419	14.0106083206	6.70954136785	7.92644042555	3.6540923663	7.9262968392	8.38644064955	10.97059826515	7.8029709443	5.7761103778	3.0520755247	2.76875247385	4.27668231145	2.54326676935	3.5792283236	1.8296450577	4.6258132111	4.05804460365	3.6295525582	5.47998314665	4.32269490015	3.28111999835	6.3555515006	7.68384557855	3.9930413959	7.47709898945	3.9710394275	4.0698056966
downwards.h	270427	M	47	h	260926	261303	158	21.3	h	downwards	4.23972542275	2.60792787425	11.1578040024	7.61773983725	8.2924722169	6.4695425761	8.77788167565	11.62133257905	13.2356457568	6.39897924175	7.93257932305	3.4551845875	7.9495960628	8.4195013249	10.8806153578	7.7387285364	6.0025044759	3.1803521887	2.64573635515	3.91981392775	2.7458297637	3.60264177115	1.789513207	4.3321743421	3.81305782545	3.56577619105	5.4266949227	3.7420983266	3.4103636726	6.14676618985	7.42116380545	3.676412994	7.1974360478	4.02084867475	4.3666047569
downwards.h	270431	M	47	h	260926	261303	109	19.7	h	downwards	4.50264939655	2.6878245432	11.31966774515	7.3405545668	8.3936800963	6.4142229122	8.74568218025	11.70295504345	13.7041108358	6.94745005305	7.87217411925	3.56675892465	7.98415401025	8.12494461315	10.40663404505	7.3967316125	5.6111618797	3.04736294395	2.9000596082	4.0918567288	2.46338792865	3.45353789585	1.7554106869	4.377033952	3.8516604353	3.6119115	5.33465413515	4.01374408065	3.2075812064	6.38073747565	7.47340723685	3.9261664755	7.0051117331	4.05068672725	4.25650382515
downwards.h	270454	F	47	h	270078	270105	160	23.2	h	downwards	4.53136822165	2.71856366165	11.5256338664	7.97380902235	8.81669721345	6.6769159869	9.2213880508	12.18761191	13.9271112754	6.50444949765	7.81005683945	3.55401853265	8.045353413	8.5335944658	11.06572835195	8.0985385423	6.11538399225	3.26497376065	2.688909117	4.1038876559	2.42722681875	3.5436976481	1.83013916835	4.5428155062	3.74379004225	3.78703767845	5.4324689898	4.1289532377	3.2908860396	6.2650126901	7.7016565527	4.1458980104	7.6670022915	4.11651736405	4.2433737822
downwards.h	270456	F	47	h	270078	270105	160	22.9	h	downwards	4.4416623712	2.58105709335	11.487074596	7.90708914055	8.60942711985	6.6621336965	8.88138095975	12.1377626747	13.6764190392	6.6826821599	7.868165177	3.6730068654	7.90504454765	8.43030328825	10.8769225483	7.7270438894	5.8913715441	3.09258037535	2.50314576035	4.04996312665	2.5640322496	3.62086283045	1.8644031246	4.2992340749	3.80854913	3.87465898475	5.45702019215	4.0459523757	3.4063271087	6.49258766735	7.38237393875	3.9280306959	7.2494882596	3.8952552003	4.1149126246
downwards.h	270458	F	47	h	270078	270105	152	22.5	h	downwards	4.4185660684	2.9775651809	11.4127204193	8.1985154173	8.97227725775	6.8105949429	8.82209907765	11.77605834955	13.6713447148	7.245423944	8.35834361425	3.86896947045	8.5463788905	8.86059327355	11.12159656345	7.9633394921	6.2127043848	3.3404112824	2.93468349895	4.35994123635	2.40098012285	3.76101766795	1.8215266819	4.5692135119	3.69204662645	3.828350133	5.55064066295	4.31767121175	3.46399781325	6.241888179	7.3930394141	4.3045432226	7.90424623545	4.2836911456	4.1697954435
downwards.h	270462	F	47	h	270086	270137	148	23.6	h	downwards	4.53657893105	2.65140717235	11.7583296134	8.2608221744	8.81340038255	6.99318270615	9.16246214855	12.08961668185	13.80198184135	6.8824804688	8.4234317613	3.7377002185	8.6631749298	9.220494147	11.72235711995	8.31093391565	6.43163818295	3.24709059705	2.99417676855	3.93646723735	2.60597455935	3.9148527448	1.9126574319	4.50095698905	4.0203908366	3.87851246525	5.61377204105	4.1691893038	3.73892453065	6.3552467396	8.01060806425	4.0422727969	7.9666124727	4.25421498275	4.0558574706
downwards.h	270464	F	47	h	270086	270137	148	24	h	downwards	4.4296853235	2.7320146699	11.6521896187	8.19474086095	8.79077147565	6.75111005455	8.9025434793	12.03511285195	13.73619990235	7.0487322997	8.3749527575	3.7905653174	8.52399108455	8.8904912854	11.23085563035	7.9898708855	6.1714412255	3.085729013	2.8738424339	4.19749515195	2.4838409157	3.71984701735	1.8565056049	4.19912361655	3.9811506048	3.86872036375	5.4942099828	4.3242044754	3.413400933	6.04613636455	7.57179332415	4.18020662315	7.90197654455	4.2099851502	4.02005363535
downwards.h	270516	F	47	h	270084	270107	135	22.9	h	downwards	4.2094796366	2.7010479252	11.3168636753	8.27427445595	8.9553095662	6.705932958	8.78840066635	12.00994865155	13.6478424167	7.1633685204	8.1308117986	3.7455478065	8.4100341884	8.81982720585	11.20104144935	7.9860187852	6.16970894565	3.25574332885	2.7147680645	4.30320471975	2.5246278837	3.655629396	1.82807493775	4.57319776285	3.8469348771	3.83429694625	5.5220072448	4.2572692753	3.5163685133	6.34749951255	7.69337719335	4.0460469489	7.91950600065	4.12221197225	4.2630924511
downwards.h	270537	M	47	h	270078	270105	124	27.9	h	downwards	4.37545	2.7972	11.11775	7.9976	8.59635	6.55845	8.439	11.63695	13.4228	6.79035	8.2744	3.6164	8.504	8.87535	11.25265	8.0229	6.1417	3.26505	2.9759	4.16195	2.42875	3.5037	1.78145	4.4337	3.7866	3.90035	5.5896	4.02395	3.2057	6.3536	7.699	4.029	7.9703	3.7197	4.1132
downwards.h	270541	M	47	h	270078	270105	89	26.7	h	downwards	4.31455	2.64735	11.23115	7.6644	8.5187	6.60765	8.82005	11.4806	13.5184	6.82025	8.2322	3.82705	8.33325	8.6467	11.22535	7.89535	6.04055	3.16395	3.12505	3.92295	2.3499	3.51835	1.902	4.4302	3.95145	3.79695	5.67695	4.2239	3.4804	6.52115	7.5125	4.0262	7.386	4.4093	4.09765
downwards.h	270543	M	47	h	270078	270105	89	27	h	downwards	4.28662836865	2.6808849937	11.01216244365	8.0507404956	8.48338903025	6.3685148496	8.70823985475	11.91196779025	13.28743144845	7.0019062171	7.9216154585	3.78104019315	8.1419152647	8.6019683272	11.1009297474	8.1270376332	6.05179256155	3.19808691145	2.42425817295	4.0851018304	2.6146639259	3.54402310365	1.87103496425	4.4682351272	3.91174405355	3.80276337775	5.6010587981	4.31891849175	3.3232549104	6.33748533455	7.68196985425	3.8748534278	8.0597747864	3.96886915185	4.157665768
downwards.h	270547	M	47	h	270086	270137	148	29	h	downwards	3.7887579649	2.74782509425	10.0312755797	7.7204995126	8.3495314471	6.03687559405	8.5094773988	11.4224001357	13.09533790855	6.1898477276	8.0471525583	3.3632872783	8.2824545102	8.21131641585	10.38659781605	7.142041824	5.6122556074	2.69846679455	2.7813820815	4.28681569955	2.0939867978	3.60113706755	1.6803718247	4.2600023633	3.8862562379	3.74325471485	5.49791802995	3.99938089405	3.4630101268	6.04320613745	7.30649898845	4.0652216281	6.90586417465	4.0767778621	4.14102503515
downwards.h	270549	M	47	h	270086	270137	89	28.2	h	downwards	4.4144119596	2.52127345315	11.1471660999	7.84550524255	8.55308241995	6.56709047895	8.7152625014	11.7806056844	13.5272664323	6.4940890943	8.1554651066	3.4371535172	8.3566456313	8.5516516695	10.94687615435	7.78060844895	5.8880222292	2.9397686243	2.79246559345	3.95277035065	2.47031037725	3.5884377979	1.8209867562	4.37317840445	3.9717087152	3.77847397635	5.57650666085	4.12237706045	3.3715175856	6.3700675893	7.989531297	3.96336096175	7.4843542206	4.00169050955	4.1207316538
downwards.h	270551	M	47	h	270006	271305	147	29.3	h	downwards	4.4085934051	2.7185818041	11.31703439025	7.9500959123	8.674687717	6.44085964855	8.5033383231	11.4938733239	13.42087155355	6.85441852505	8.25742928805	3.4344433255	8.45317618625	8.8452092604	11.2698053205	7.9229460773	6.20196465325	3.20193209575	3.00317561525	4.29132783605	2.3722138	3.62593987615	1.77839770045	4.4020881605	3.9596196846	3.92666873045	5.54100996035	4.23613716735	3.45961936745	6.23219142965	7.43727662305	4.32947973035	7.75034062745	3.78126996165	4.06865343135
downwards.h	270553	M	47	h	270006	271305	147	26.5	h	downwards	4.571917768	2.7307110259	11.6557603938	7.89369561245	8.91944217165	6.76789074435	8.95186970325	11.72247157365	13.9491438513	6.51976109205	8.3093880648	3.4856522323	8.5096348969	8.73905198525	11.1276312248	7.80614855085	6.05302614635	3.17742462695	3.2205875683	4.2366855571	2.4189499457	3.61620200905	1.79501049755	4.3252997162	4.24738978835	3.8335405452	5.6091673711	4.17772070195	3.48334620765	6.0952241723	7.4261192834	4.22607258975	7.14748709185	4.23604716895	4.1964372441
downwards.h	270555	M	47	h	270006	271305	147	28	h	downwards	4.33888554755	2.83798297585	11.6492721109	8.14618385845	9.0171103532	6.88177340245	9.3087670843	11.86201964325	13.9112798285	6.23599149675	8.27578218605	3.3472230756	8.55718557065	8.92933914145	11.2346963018	8.11080396315	6.04583888275	3.179314556	3.0658360867	4.2886961704	2.69168001475	3.63374762635	1.8453818867	4.4923139558	4.00259903515	3.8275703742	5.5355288744	4.2717398379	3.42110180255	6.1598846912	7.76673734305	3.8651132513	7.66626298865	4.18135027525	4.18921453125
downwards.h	270608	F	47	h	270086	270137	117	22.9	h	downwards	4.3804174916	2.662935154	11.3061848265	7.73271387335	8.54611308035	6.68085902565	8.7870982617	11.3753331945	13.3776569918	7.14845341045	8.0836953054	3.6243339566	8.1934423699	8.54907510485	10.9828331625	7.6721772471	5.86752380575	3.1572231127	3.12580873625	4.0754230876	2.4886119659	3.4380319075	1.80533937475	4.3606455283	3.9931874185	3.82893348445	5.44312689025	4.2169516686	3.28744653095	6.31469205125	7.31710983245	4.02996046865	7.30866428905	3.9887733471	4.2760167211
downwards.h	270610	F	47	h	270086	270137	125	23.6	h	downwards	4.5036756572	2.62129082525	11.414597916	7.72083887125	8.4164253775	6.63678648215	8.6346526722	11.7436515179	13.3713725092	6.90954937495	7.87278407375	3.5449361573	8.0274678061	8.44379924035	10.96260970375	7.80057954875	5.88432126145	2.93762524535	2.64008073055	3.87997284385	2.66054051765	3.5655800366	1.7901160748	4.4049214199	3.89519670985	3.8206981354	5.36270982265	4.0124115414	3.36586797345	6.08536519925	7.99758236165	4.1508413603	7.5551097681	4.08231524335	3.9638951055
downwards.h	270612	F	47	h	270078	270105	208	23.2	h	downwards	4.9172219038	2.91871228295	11.96923707125	8.0832732327	8.80339825405	6.6727412249	9.3801819172	12.5906958089	14.331936228	6.9268616043	8.3094517037	3.87440055335	8.51919904025	8.98757647155	11.5724300047	8.34535236205	6.3087378331	3.24404213295	2.92883149735	4.2323676335	2.76309172115	3.7827637259	1.84308289635	4.7792285192	3.9530335213	3.75933607115	5.4933944329	4.032475224	3.5487647535	6.49125334635	7.86668464495	4.24774618445	7.96446863115	4.2850029156	4.0725475787
downwards.h	270614	F	47	h	270078	270105	124	23.7	h	downwards	4.5573329364	2.89823119195	11.69155815665	7.8290829798	8.5195940601	6.77727896115	8.76641283605	11.8650963551	13.6779020039	6.696352695	8.1913283076	3.6860169971	8.3569621824	8.61038036165	11.22674189035	8.13591762005	6.1487779462	2.6663688702	2.94446683925	3.97370558945	2.79868834345	4.02920502505	1.89522637095	4.16522714545	4.2326020164	3.60006864655	5.43066658035	4.06676226455	3.9767652334	6.45293880475	7.6543306402	4.2005858392	7.8026386744	4.11481597615	3.92010395635
downwards.h	270672	F	48	h	270330	270659	167	22	h	downwards	4.7648257102	2.68386263115	11.75881200625	7.7008593746	8.6720560676	6.5782612011	9.0819961126	11.9314140716	13.97309150045	6.5496494493	8.18109552205	3.70670069145	8.2674923343	8.8054988056	11.4536962163	8.38109009805	6.20247793325	3.05500987025	3.0230994562	4.15590570845	2.58432722915	3.8890908818	1.8166765039	4.48994899505	3.9532264224	3.6719983842	5.40141876855	4.0444008584	3.87905557825	6.5767332225	7.80071634	4.17510193145	7.856293934	4.0527019708	3.95131073565
downwards.h	270674	F	48	h	270330	270659	167	19.5	h	downwards	4.4946999156	2.72756318115	11.63265067925	7.80608775855	8.81715012105	6.67068712675	8.6423546487	11.9975849728	14.01616325425	7.1215969902	8.2661797501	3.62557224005	8.34727524645	8.90879721895	11.4961393154	8.50974007735	6.4557055456	3.34707180615	3.00863912645	4.0899026059	2.39198491465	3.7589618992	1.8818674057	4.5404604329	3.96800664285	3.62448188835	5.4333192369	4.1988072153	3.6908267002	6.349459789	7.76415556695	4.145767787	7.92712805515	4.19876316335	4.05754585365
downwards.h	270680	F	48	h	270330	270659	167	18.9	h	downwards	4.3702815597	2.5928249281	11.6980771747	7.759168498	8.63310558305	6.94357207275	8.6751978377	11.7430489085	13.5171425461	7.46215908645	8.2898668008	3.6774381571	8.25296370475	8.91021117125	11.46052925385	8.3902842451	6.1008803181	3.12638840505	2.7768668968	4.05800909065	2.5420859384	3.68701671095	1.7190941259	4.3921619135	3.68875130645	3.45120799545	5.686699349	4.31590193275	3.5567334872	6.25235801465	7.59472392595	4.0965518666	7.3428633361	4.13477674885	4.24232721355
downwards.h	270686	F	48	h	270332	270817	165	22.6	h	downwards	4.46492033445	2.739091977	11.62498191585	7.8103984355	8.6321815419	6.80655474515	8.75463335155	11.97461540385	13.73381468985	7.01880196565	8.0850782575	3.68616510355	8.20515037815	8.781742928	11.26589399745	8.2039203453	6.11684581545	3.0301125131	2.75926441705	4.02851599415	2.67501458265	3.6839620406	1.79215111585	4.58272567	3.68617720945	3.6902471742	5.32848309635	4.06344140075	3.6038658627	6.44264520665	8.2084760147	3.75647847755	7.65290922025	4.18362974355	4.2613409366
downwards.h	270692	F	48	h	270332	270817	165	19.3	h	downwards	4.3672507603	2.82796833105	11.3373999833	7.5473568456	9.10889148	6.52378460155	8.50034193895	11.8391625135	14.2978383442	7.2129414771	8.1824184683	3.6857753595	8.1673835412	8.6580584157	11.1444376426	8.09060104495	6.0545413132	3.060867474	3.21792886415	4.37119003845	1.9910171422	3.66659231855	1.82230491335	4.52091461585	3.7138159454	3.608033008	5.3872671467	4.1037576206	3.5719252493	6.4375935852	8.15900265495	3.68643312515	8.1067016751	3.99644064955	4.27345920015
downwards.h	270694	F	48	h	270332	270817	165	21.7	h	downwards	4.58175371795	2.70768465825	11.7497732244	7.87780681895	9.0499664275	6.72594361635	9.20402635415	12.2741147401	14.3297497823	6.9089166018	8.2252999979	3.6980608498	8.09185773425	8.85548702435	11.4657251987	8.39429653185	6.3599609906	3.23807413205	2.85265232705	4.24488794635	2.28471837515	3.78186235965	1.83477735355	4.43054824015	3.97025724235	3.88306982015	5.48988495325	4.09261358535	3.64216860995	6.3025292968	8.1536979719	3.6457328841	7.61220556205	4.24261645935	4.3267056054
downwards.h	270799	M	47	h	260926	261303	125	22.8	h	downwards	4.42676013645	2.5962944745	11.4215845743	7.44710083565	8.5549343672	6.5442403712	8.3462055247	11.5413849044	13.6669991789	6.7619201748	8.1591245514	3.79114316885	8.21218486895	8.80356125025	11.2296841177	8.02237526075	6.08000729425	3.1127882669	3.0444362913	3.99568650725	2.1997332669	3.5332950465	1.86524155025	4.4111977826	3.6756544376	3.8922881609	5.50705362455	4.1124229446	3.53297054585	6.19478574345	7.24631323875	3.7973264947	7.3234114667	4.0427351912	4.2683701178
downwards.h	270817	M	47	h	270086	270137	110	23.2	h	downwards	4.8272420807	2.7935982227	11.83888145705	7.618446377	8.723012788	6.70472940825	8.985215105	12.03537666765	14.1659396343	7.10512126645	8.3058273762	3.7062294397	8.4367060622	8.9892425139	11.45967704	8.29097152535	6.3172228729	3.22309980595	3.0164894779	4.34702521445	2.64614622595	3.719710763	1.8177165716	4.7275344778	3.86812469625	3.811273451	5.68831773185	4.02264298015	3.67156194575	6.4029211412	8.0749077983	3.9380300277	7.38188615965	4.11836520735	4.3004040315
downwards.h	270819	M	47	h	270086	270137	110	25.7	h	downwards	4.69760395095	2.75863434905	11.8874047069	7.842052486	8.8300587585	6.7614753818	9.13777315455	12.1940699449	14.1263434468	6.96235625425	8.33340144075	3.62332349195	8.32625321095	8.83929003465	11.3531892433	8.02179130955	6.12303316115	3.09187689925	2.80368681165	4.29536846205	2.37274853795	3.8198636993	1.8760599927	4.6257656773	3.9304051136	3.8323449667	5.6013221711	4.17459041215	3.7412329162	6.3973382469	7.82985828575	3.92239127535	7.38559907875	4.1019164331	4.1519442223
downwards.h	270827	M	47	h	270086	270137	110	28.5	h	downwards	4.8207044039	2.64862224525	12.1446369961	7.7365144273	8.6104461492	6.8283826956	9.43566008875	12.13348383635	13.9983159388	6.714974203	8.13137561335	3.7926029532	8.4426824592	9.11665299865	11.65705686735	8.2684883923	6.4011429799	3.21043209735	2.8837496223	4.1690438595	2.5915874437	3.8066644272	1.88084829295	4.51046711135	4.13544754465	3.9408069977	5.6328089745	4.21429600345	3.67509653055	6.3941711548	7.6042719297	3.70594920505	7.6918840982	4.11269812665	4.0484822804
downwards.h	270829	M	47	h	270078	270105	109	28.5	h	downwards	4.67013515985	2.8692209913	11.83797866405	7.8529895894	8.5881165885	6.9293321524	9.0020400105	12.06517447075	13.83006975945	7.13262504075	8.08738281885	3.81309041715	8.24594818955	8.8167232698	11.4157572841	8.08138447335	6.2184440126	3.2553116599	2.8686658026	3.95714980815	2.77719681215	3.6801305699	1.84142913965	4.57346227475	4.1829636089	3.6477182954	5.58438450495	3.93126722965	3.6185452638	6.38480152015	7.53065619855	3.6958352919	6.9088913532	4.1084428411	3.9535243494
downwards.h	270831	M	47	h	270078	270105	109	26.5	h	downwards	4.68122891025	2.76073484335	11.89094041325	7.7640721356	8.77676751065	6.79626190435	9.17784339615	12.0070333861	13.96278082735	6.8418694498	8.1352106906	3.69430319585	8.3241461154	8.74343914225	11.24617164525	8.11056635405	6.04496235655	3.19322839405	2.8182450848	4.31419713865	2.57478141355	3.63240131355	1.82857670145	4.4955248884	4.1385517241	3.69350127095	5.5186136448	4.33247074965	3.4749862891	6.2875462248	7.6432688563	3.5434650247	6.9218872721	4.06528659275	4.12704260745
downwards.s	270126	F	52	s	261012	261173	206	19.2	s	downwards	5.0243822254	2.7558477457	11.81848549005	6.6068508398	8.3941805247	6.4638785234	7.51404037805	11.3290817406	13.67820929275	6.7932817046	7.8967492789	3.5884421503	7.36707450555	7.82238038325	10.80446053855	8.10374995235	5.52652037445	3.15939651685	2.6540191053	4.3189252969	2.010357504	3.2250523681	1.77925103165	4.4486240593	3.8528096659	3.94686195985	5.45150728805	4.6463281331	3.64468758165	5.90050302835	7.09695973845	3.4721816329	6.91809016575	4.0710170562	3.8959879263
downwards.s	270128	F	52	s	261012	261173	157	21.2	s	downwards	5.0304506817	2.81282313695	11.94875942455	6.3368568651	8.54310078305	6.57424811255	7.54709855235	11.1221555784	13.99134278225	7.22273462945	8.04693089305	3.82762699145	7.28075174675	7.5603658577	10.7023173342	7.8890731003	5.2557460488	2.9429302138	3.1910966803	4.32212803045	2.08757720585	3.3309489375	1.77062855135	4.16608097855	4.1586648575	3.90683394135	5.5428542118	4.7469159329	3.7914057494	6.0681905739	7.5522231571	3.18960104895	6.410825173	4.3919922949	4.00534194705
downwards.s	270130	F	52	s	261012	261173	164	20.7	s	downwards	4.94795935175	2.86555027615	11.7263624602	6.62742781085	8.5720079483	6.488718738	7.54545009975	11.3798804127	13.79368279525	6.5265136782	7.80186092575	3.8950809711	7.1753827202	7.6566510418	10.8055887075	8.2217960455	5.4331514613	3.5241446498	2.64132429845	4.4279207232	2.022164741	3.06682790075	1.6816277414	3.96295356835	4.12039466395	3.7506328031	5.2091166679	4.63688597805	3.4261784909	6.063891366	7.29543396735	3.2131797849	8.1176358964	4.00679201745	3.96008344345
downwards.s	270132	F	52	s	261012	261173	157	21.7	s	downwards	4.8344810834	2.72982080845	11.9014747749	6.60412837385	8.70671306915	6.83595287725	8.09033574005	11.43967807895	14.0513083732	7.0630015768	7.88349117065	3.93629180905	7.45215868485	8.1706611977	11.3108282777	8.51830376995	5.68867725315	3.08964519915	2.8649801862	4.27781064275	1.96637203025	3.1927726208	1.81126117835	4.3888064751	3.9191744579	3.9756128815	5.61353136675	4.59105231435	3.5096912681	6.0282493831	7.0729838835	3.2333894671	6.76816774495	4.07716924485	4.2482587852
downwards.s	270134	F	52	s	261012	261173	108	17.7	s	downwards	4.6908541103	2.64047219635	11.0714219891	5.70402800555	7.90109229825	6.1571169099	7.2477005659	10.2451282706	13.0718885474	6.71922457865	7.49088800475	3.7668825924	7.07819958665	7.3672559915	10.25953300175	7.72217648615	5.07079672665	2.7617151108	3.08994388765	4.05652114875	2.1055301808	3.08135753685	1.68932928535	3.86090532085	3.74647024625	3.7281653199	5.0078907276	4.2114650702	3.562789356	5.5764223902	6.50874016785	2.96932717575	6.61880551075	3.95567730875	4.0659639902
downwards.s	270136	F	52	s	270030	261269	108	22.1	s	downwards	5.0685950564	2.7371130442	11.823258194	6.59797385865	8.48916292315	6.53995396405	7.93104127635	11.61986936225	13.93715640055	6.55026804865	7.6848727974	3.6268982794	7.09890156665	7.7356291761	10.9287974575	8.0567159938	5.375119536	2.7789897771	2.5245904365	4.14823556325	1.7852992346	3.2381409007	1.84959130615	4.254857916	3.9689922588	3.945111844	5.49878158965	4.4968010864	3.52347812495	6.22477393505	7.2118779082	3.1706829985	7.0153676774	4.2189619279	4.1110397972
downwards.s	270138	F	52	s	270030	261269	108	23	s	downwards	4.98351247235	2.9495239512	11.8744085443	6.5276177979	8.69493036115	6.6752344412	7.6757225243	11.4564270422	14.1067545288	7.1601096202	7.92827630485	3.8257997615	7.3535674649	7.97654723255	10.9805519954	8.41939103215	5.52156834415	3.0952963902	2.85076969805	4.42817930595	1.6711159468	3.0848458822	1.7038441023	4.37680945655	3.9749258649	3.9083515123	5.3262156981	4.8121664317	3.3885269062	6.1479295901	7.38614016445	3.14685053615	7.080669824	4.42330786995	3.86831203525
downwards.s	270145	M	52	s	261012	261173	157	27.7	s	downwards	5.04040923865	2.84904454175	11.9518450953	6.6434805988	8.59437302555	6.5688765902	7.78469326825	11.58445099105	14.04579817935	6.84067312715	8.03438806275	3.8379439538	7.5020035065	7.8125962867	10.8630445989	7.86898941145	5.4448550072	2.88484918755	2.6998470415	4.3651408269	1.83606870055	3.41321493045	1.80743109285	4.43844265735	3.98252496455	4.0039680063	5.4954400515	4.7026602906	3.71778545765	6.12901138795	7.3128520026	3.0424284637	6.57864967175	4.4676134349	4.34329520175
downwards.s	270147	M	52	s	261012	261173	157	29.6	s	downwards	5.1514340307	2.96070072865	12.41714734555	6.5425078896	8.82070943865	6.75335788955	8.0269676769	11.4986400885	14.3942095472	7.00285788625	8.1950902327	3.47065608405	7.8294188937	8.0174254812	11.0055532832	8.0110023951	5.54724149	2.89979499425	3.1997636267	4.5377775284	1.97702165345	3.3644075378	1.79398394875	4.30542580345	4.2075516105	4.0021711455	5.5468196444	4.6923571528	3.6457063752	6.1659170338	7.28161041295	3.3536408677	6.6890041795	4.4188967919	4.07668308125
downwards.s	270149	M	52	s	261012	261173	191	23.9	s	downwards	5.07436098765	2.8474278437	12.02280532825	6.41379339755	8.4593509225	6.74923063635	8.02250161325	11.3363198036	14.03729837425	7.18185351925	8.1048053394	3.56358712845	7.6082176529	8.07518393925	11.10720887165	8.11610300885	5.6657336295	3.2213524482	3.0461827676	4.36086516255	2.1480282093	3.1592631393	1.7051274222	4.4816062602	4.01582291775	3.92917109155	5.72571029045	4.42914738555	3.5648754758	6.1472003819	7.3798946782	3.30300550185	6.80652375225	4.3960895303	4.07542748805
downwards.s	270151	M	52	s	261012	261173	113	26.7	s	downwards	4.9205477588	2.7048762901	11.65484144425	5.9009560583	8.286099346	6.5312957298	7.7649041725	10.75758643695	13.8138485924	7.2123417447	8.0847293082	3.5556322323	7.2862498414	7.69747542015	10.6661871299	7.7470035787	5.2816104313	2.81892666535	3.3532748063	4.25021881455	2.0771327536	3.23217004895	1.76489760155	4.49156273005	3.8128583786	3.71657054395	5.5793689112	4.4033278137	3.5539006741	6.0821209185	7.1748141288	3.09243252715	6.7438075106	4.19664314235	4.143699099
downwards.s	270153	M	52	s	261012	261173	113	26	s	downwards	4.92938633905	2.9406454413	11.59703706595	6.2180597412	8.30648011825	6.34138462265	7.36151118445	11.16047442955	13.7442299832	6.8790070058	7.852074102	3.4327727503	6.82646196745	7.238834654	10.3306737267	7.5259687831	4.9696371104	2.75969789925	2.7723983961	4.38525507655	1.94172180685	3.13563938075	1.71404561685	4.13374635345	4.0836353463	4.0601657702	5.5150937269	4.53752993345	3.4827931625	5.87517523995	6.8655406787	3.21967895445	6.47891133475	4.07422418915	3.9968897709
downwards.s	270155	M	52	s	261012	261173	157	29.2	s	downwards	4.9657900974	2.88472344455	12.31746470605	6.7934299757	8.6686561911	6.9188805652	7.8798508696	11.45570675355	13.86714118275	7.05072652605	8.1914842606	3.8490374123	7.767210168	8.1025536413	11.0989104292	8.2556599046	5.56174612715	3.0145331893	2.74143105625	4.2782102779	2.3113970315	3.21849088405	1.8369278312	4.56278003195	4.0439912813	4.0463683257	5.61943277655	4.6508296052	3.59382454855	6.19027236915	6.83721688085	3.5968114726	6.89559046855	4.0915254727	3.9913956287
downwards.s	270157	M	52	s	261012	261173	157	27.3	s	downwards	5.0430018905	2.8962508473	11.65215986735	6.67006393295	8.7160542117	6.62715371295	7.712807891	11.6637636024	14.23834622745	7.17923334135	7.8545905671	3.4359794749	7.6003893681	8.08198650305	11.02467408885	8.2796475983	5.6851276515	3.0378687195	2.8397648327	4.50374614415	1.63795448465	3.2908484456	1.7013663467	4.87003658215	3.9599620123	3.72345199595	5.5752782411	4.971849533	3.59169487565	6.07997742195	7.2493593368	3.58994126735	7.1250067909	4.0514777054	3.87672712935
downwards.s	270159	M	52	s	261012	261173	157	27.7	s	downwards	5.21888096815	2.88660495455	12.1027762776	6.156532723	8.39051408985	6.47056143325	8.112575482	11.14186023865	14.1194397102	7.1846522618	8.10736099835	3.8548404444	7.60685300655	8.034863613	11.1716748503	8.02849042795	5.49665563045	3.01628844945	3.3293417364	4.4063626926	2.1476105206	3.3141067883	1.75290219655	4.4850722365	4.1259911939	3.85846422805	5.67112234625	4.57646171135	3.7410454935	6.2010380476	6.95552589525	3.4774060745	6.7005409033	4.16932058815	3.9924436081
downwards.s	270163	M	52	s	270030	261269	157	29	s	downwards	5.18486216915	2.68643268605	12.29128395175	6.84299695955	8.69095752015	6.59623329015	7.92899885445	11.94354209375	14.31127752	7.1576499931	8.2337544667	3.8478512231	7.6544501028	8.20470746155	11.196635393	8.1217137651	5.583043897	3.21864437625	2.69101476055	4.3923521029	2.0366879512	3.11394215095	1.8613943639	4.58888561725	3.9663558543	3.9626622955	5.69561578445	4.64616176265	3.51074092295	6.1345798061	7.30449435685	3.19984798245	6.7437922738	4.7026215812	4.09588943565
downwards.s	270165	M	52	s	270030	261269	113	28.9	s	downwards	5.19303942615	2.9409572456	12.0124689752	6.451943222	8.43665444455	6.7031522068	7.9155912053	11.55366354175	14.1102937959	6.9727436404	8.1573126587	3.8661976507	7.5942629779	7.8237183911	10.8158132253	7.62680027455	5.2869442568	3.13026762355	2.8185103805	4.41127344875	1.99354539345	3.4986596385	1.816314444	4.5211078173	4.03057717595	4.0889699544	5.6440475614	4.68128438525	3.9121547904	6.1683350711	7.4055137976	3.0954551367	6.44822728915	4.13825494655	3.9966000245
downwards.s	270167	M	52	s	270030	261269	113	27.5	s	downwards	4.8894315928	2.653122649	11.50739369735	6.7518044472	9.2385335437	6.7207958551	8.03622880985	11.61868042995	14.5272059338	7.1620854212	7.61285287735	3.8133003457	7.3088914838	8.007887053	11.29773973885	8.0979798819	5.48000198215	2.96161772315	3.1422333103	4.5237635137	1.38405510325	3.3477628823	1.77664377495	4.7548507491	4.1419791178	4.0621534992	5.65752956315	4.28681848745	3.5507593401	6.26915637165	7.2624304138	3.00529704125	7.2266676568	4.0349063081	4.0377767878
downwards.s	270171	M	52	s	270030	261269	191	27.2	s	downwards	4.8332335378	2.9855637493	12.27975440685	6.6658213524	8.53908271255	6.9462310602	7.85001632395	11.39448675605	13.9153012296	7.1061389114	8.2182809474	3.6262347243	7.37151463475	7.86497608215	11.04790264735	7.9078914246	5.4941875135	3.11008846915	2.9136191417	4.5244359068	2.5837566368	3.65998714635	1.89053573345	4.25063181585	4.31655216075	3.9492566358	5.65927199915	4.90460274335	4.1191133565	5.961467654	7.35441277555	3.22935295075	6.75711099095	4.4388830956	3.96853657615
downwards.s	270186	F	52	s	260724	261039	203	19.7	s	downwards	5.2956235156	2.84969870215	12.2799248081	6.5933743159	8.613579993	6.66456923585	7.96877255105	11.5223515053	14.05745422935	6.83440395095	8.0157582679	3.60464443995	7.3457640508	7.63534017495	10.59957133	7.80838938705	5.35421009365	2.81999951915	2.7768074071	4.3614777872	1.68435193515	3.2793039234	1.82061597405	4.2574739385	3.8265610345	3.87205195715	5.4772315391	4.89653051205	3.6956434495	6.1138208535	7.66526873585	3.15794832265	6.9252214485	4.2753603226	4.10086647185
downwards.s	270188	F	52	s	260724	261039	154	21.2	s	downwards	5.1185637412	2.7053007966	11.9879860474	6.3205431636	8.3601353521	6.37846479565	7.75660705795	11.2417905202	13.77895313765	6.73340643655	7.78568869225	3.76723982755	7.16110266245	7.50020737655	10.5926524062	7.89440928515	5.25753234055	2.9306370153	2.7851157786	4.20472524225	1.8154836268	3.02728975325	1.84331870205	3.997769598	3.92392000975	3.87280246825	5.4159729085	4.6472824878	3.44744437665	6.1168767512	6.9617567066	3.042915656	6.8728003455	3.8380770584	4.2135853971
downwards.s	270192	F	52	s	260724	261039	203	20.7	s	downwards	5.402630313	2.8878317677	12.9342753847	7.08864365055	8.91984382985	7.12070730835	8.76605716655	12.37802655615	14.7428040641	6.89975566425	8.435449755	3.8250502336	7.8124030056	8.4585222494	11.6967432992	8.5442633428	6.01749353255	3.1734562266	2.67654672645	4.7368153786	2.65864029875	3.490012665	1.89911783585	4.5357720633	4.0973068394	4.1057404253	5.9216677792	4.48052695675	3.84062890495	6.56747983105	7.7165326801	3.7140452343	7.7352070956	4.6506048999	4.1789192451
downwards.s	270194	F	52	s	260724	261039	154	21.5	s	downwards	5.00430245425	2.77561160775	11.8033176831	6.4086314653	8.2275696066	6.23822287875	7.88561487155	11.3801344739	13.6812897912	6.2539503195	7.71729464035	3.54703479895	7.1382518464	7.5860697046	10.3720799943	7.74885602155	5.2138793766	2.78376091625	2.5532337035	4.24481323165	1.90613768745	3.2917729152	1.86846900035	4.2146498623	3.61591557645	3.9830544853	5.3675590034	4.65035668205	3.77358124325	5.90685924945	7.0077817578	3.3816864499	6.894124565	4.07635656795	4.1495783025
downwards.s	270215	M	52	s	260724	261039	188	25.1	s	downwards	5.46124731395	2.938291072	12.17880196415	6.6790811728	9.10619630145	6.46216296815	7.7565039458	12.0437722717	14.92056300605	7.1059350225	8.2530074047	3.7270647067	7.533822893	8.061878196	10.9911247765	8.0327420178	5.4730127185	2.9780767664	3.09599731695	4.5951450796	1.80811658345	3.43859230875	1.8849305657	4.43968845175	3.8946536654	3.92336430235	5.62662108635	3.91047090505	3.836053839	6.1015859651	6.8982130231	3.1710907017	6.95860454445	3.88608353495	3.87672137355
downwards.s	270216	F	52	s	260866	260875	104	29.3	s	downwards	5.0582662808	2.8417810729	11.8081898979	6.60741033565	8.49446879055	6.3870608759	7.66201890005	11.6076571031	13.88986065815	6.76405798505	7.7965105246	4.10050461315	7.37568906055	7.69612948575	10.53145818075	7.493236051	4.875813409	2.8370812104	2.4499929653	4.3069127197	1.46349045075	3.10418908775	1.7332239428	4.23300475995	3.7385348129	4.0367137219	5.44673030455	4.77545598185	3.3591925414	6.1411885913	7.48938946995	3.142113215	6.469127482	4.0193907877	4.0296172678
downwards.s	270217	M	52	s	260724	261039	161	26.3	s	downwards	4.9128923055	2.80556186785	11.88405366825	6.61986846875	8.5860702798	6.58796249045	7.93891147815	11.4552057425	13.94079010665	6.74015086245	7.86889795465	3.590349689	7.2247162951	7.5216681072	10.5793289333	7.5761481253	5.19549336655	2.86456297375	2.75424572875	4.20732421365	1.6659053422	3.0504902969	1.89125403435	4.2106340265	3.8840548765	3.91250440545	5.5799201088	4.5734466125	3.33593629225	6.1903258127	7.0091278843	3.22809685145	6.7009321017	3.8727696673	4.22095700165
downwards.s	270218	F	52	s	260866	260875	104	28.7	s	downwards	4.9457893822	2.7719382144	11.8870067436	6.9180604875	8.9125518651	6.75037131605	7.67029169525	11.92152595095	14.28340106105	6.92675241895	7.94388039805	3.997940482	7.2818033935	7.75724481965	10.7701878751	8.02964114985	5.27721537865	2.74547521645	2.51786762445	4.38427538365	1.33697358935	3.34860676465	1.7576442833	4.2474040651	3.9102738814	3.91282102295	5.43694313765	4.84444502165	3.5636427835	6.237177647	7.41449328015	2.95908820415	7.02030521245	3.83856098425	4.1446633576
downwards.s	270220	F	52	s	260866	260875	104	30.5	s	downwards	5.0200349495	2.9938043055	11.64551102445	6.4462164577	8.27221369175	6.3353144148	7.3796746274	11.3534938988	13.63102898865	7.0385645777	7.81193171535	3.8989938349	7.1453346407	7.56035295975	10.50341827345	7.75972521895	5.1090237416	2.75374710845	2.46781905665	4.32311984175	1.66872258885	3.13784783305	1.67033025995	4.20035992355	3.6997583663	4.12938924225	5.41412775595	4.8577752514	3.53743334535	6.2435872421	7.56420471815	2.96722636085	6.93391478485	3.89542207625	4.06017913275
downwards.s	270222	F	52	s	260866	260875	104	31	s	downwards	5.14858923835	3.00912078835	11.87362744075	6.3801029881	8.3836110073	6.5708263126	7.25201349445	11.3830099716	13.87675219335	6.9309597838	8.16354925195	3.8854845375	7.6250600884	7.9982552067	11.02160221905	7.92086001975	5.13886991645	2.81149796795	2.69278535845	4.27901830345	1.92187047165	3.3034477209	1.8124212024	4.5439798523	3.82772994555	4.04760272275	5.55944886665	4.63241502115	3.64507308995	6.3554772839	7.7642298801	2.8621458921	6.91538378295	4.1775663267	4.04731731195
downwards.s	270224	F	52	s	260866	260875	104	30.7	s	downwards	5.08643801205	2.7747050909	11.79196048005	6.39340205775	8.4602454036	6.4386629444	7.5491200831	11.26346207025	13.8563839964	6.98923800885	7.9397276176	3.84494722535	7.5190734831	7.84322429045	10.78383881565	8.00767324665	5.21390526675	3.0878390748	2.8227195585	4.3388734671	1.66348703535	3.0550100579	1.7106501353	4.42871351165	3.8282095225	4.06154767665	5.5002622982	4.78000136105	3.4182362612	6.3305953777	7.6901664868	3.10353946595	7.03273356145	3.98726930925	4.22008025695
downwards.s	270245	M	52	s	260866	260875	187	27	s	downwards	5.1197579238	2.92222495375	12.04775399475	6.80388415075	8.5886331148	6.6565455837	8.0389599287	11.73955743255	13.98047355035	6.61739825155	7.8327563227	3.9250036112	7.2184735898	7.8097803682	11.0919494726	8.1471206869	5.3746681734	3.00079410865	2.46369477575	4.39951645775	1.6948321827	3.05591675065	1.7160074058	4.24080591785	4.2639183304	3.9524809536	5.48441720725	4.8955787437	3.4205428779	6.04057845615	7.04474613985	3.0826535612	7.21129683725	3.7635775249	3.8989902972
downwards.s	270247	M	52	s	260866	260875	168	28.5	s	downwards	4.93209335165	2.7911230825	12.15282751265	7.00097329225	8.8090319016	6.57488164915	7.63762345895	11.85007861985	14.0988339826	7.1268068516	8.2194187276	3.96516872465	7.50222089125	8.01726004735	11.1929876356	7.9213778514	5.3609262406	2.88258692045	2.49052075125	4.43991960685	1.633823481	3.33116111915	1.90131371205	4.1913534376	4.30331650675	4.08541890285	5.69513898945	4.7423438729	3.581571617	6.2195468254	7.1034850816	3.2906619021	7.1244465569	3.88793912205	3.89785473765
downwards.s	270249	M	52	s	260866	260875	111	28.2	s	downwards	5.18368660175	2.87967537475	12.1684662433	6.4404568055	8.41974611625	6.61965898015	8.28472347275	11.51699562645	14.03144022725	6.58610892815	8.0024981098	3.98714585815	7.50895166065	7.98993307235	10.95708942125	7.85563861955	5.19859128865	2.9450263525	2.7456184758	4.45227870415	1.91514090695	3.2330912213	1.77422023175	4.46645185285	3.886986435	3.91053124885	5.54522605235	4.84762857915	3.51190621035	6.18305936885	7.33812248785	2.8745090217	6.8462303702	4.07614578715	4.14163774255
downwards.s	270444	F	52	s	261012	261173	133	20.4	s	downwards	4.9985661728	2.79168204245	11.6065064816	6.4789890517	8.36326840965	6.3477866334	7.9536109577	11.32481048605	13.7758952588	6.79622399415	7.5691492972	3.768747362	7.21426780425	7.67669673825	10.8011725284	7.89616353725	5.31752519655	2.76948012885	2.79639681155	4.0938166342	1.75286837055	3.26824606695	1.7278563012	4.39280585085	3.88222001965	3.98045040195	5.5309001621	4.61614377255	3.73257699915	6.2114655249	7.4442335949	2.9052496653	6.72386823485	4.51524385415	4.09214741975
downwards.s	270448	F	52	s	261012	261173	133	19	s	downwards	4.78987706875	2.90932853155	11.8665695185	6.7728783213	8.823768409	6.74694250235	7.87200816905	11.4624207259	14.0100883456	6.82574099525	7.89481705745	3.81194654815	7.207244904	7.5871525425	10.7484709015	7.8700425459	5.22307242185	2.7793043923	2.77950397485	4.3158849827	1.74006891515	3.4301818767	1.83966869585	4.025500356	4.10417072745	3.97904234995	5.4753418686	4.6984852734	3.7474528495	6.0776485796	7.04556132885	2.91541548925	6.8819866617	3.8833872312	4.104371395
downwards.s	270486	F	52	s	261026	261203	131	21.7	s	downwards	4.9329498028	2.7873353522	12.1768762222	6.6037036647	8.8862795466	6.8475537801	7.66378130775	11.40208952955	14.22119192935	7.3156749051	7.99509264135	3.76683080855	7.4345115723	8.19648043075	11.35472557435	8.3655800776	5.93853564335	3.36515679615	3.11656914435	4.4118212129	1.84911316625	3.11902540385	1.76135935115	4.4186878339	3.96779057885	3.92844920425	5.61517535615	4.55560943795	3.6409309318	6.2949371025	7.41550688315	3.28524283695	7.11434184255	4.2452514288	4.10989482645
downwards.s	270498	F	52	s	270030	261269	137	19.3	s	downwards	4.70440949145	2.93351465715	11.2157414289	6.26246290045	8.0158377822	6.1881100089	8.12689785325	10.99381460145	13.3566761205	6.6645873668	8.32241794975	3.81997314955	7.5887189755	7.61199727785	10.677610213	7.3462214702	4.9769601083	3.0624250643	2.8437456934	4.2066936513	1.8016336633	3.42036066785	1.89426450015	3.97419671325	4.0351658079	3.6529019274	5.37205333755	4.56782071085	3.8654876069	5.7013902329	6.0778394153	3.7334230116	6.3977151129	3.90336329675	4.08627616435
downwards.s	270525	M	52	s	261012	261173	167	24.3	s	downwards	4.72615275505	2.7611057692	11.40841929985	6.556704425	8.2554271244	6.4534003353	7.95015781	11.01146926815	13.4218718144	6.8535061365	8.3776489538	3.7960301878	7.90294395715	7.9524608812	10.75847789605	7.8861374405	5.439335755	3.11605356085	2.93741542665	4.11650949645	1.70699850375	3.3394785482	1.8301674123	4.27017162005	3.6692989136	3.72958821775	5.1999113278	4.74200344365	3.6444503429	5.577049912	6.1298538572	3.5712028087	6.94740055255	3.72093560825	4.2001653621
downwards.s	270527	M	52	s	261012	261173	140	25.1	s	downwards	4.75212643995	2.8474287456	11.7143027284	6.3845511201	8.37364401585	6.48165685795	8.1731622396	10.8691136069	13.6864074275	7.22680231685	8.54892653315	3.84312806585	7.7353637776	7.9833549096	11.11442196545	7.93068421945	5.72891073795	3.28965241075	3.4415007816	4.21603022065	2.140077754	3.61629508695	1.8692286035	4.3513776093	4.10433027175	3.50180197215	5.4190837347	4.67886214175	4.1605823992	5.7660233388	6.64396094935	3.40423475635	7.1873716421	3.818961135	4.03119484245
downwards.s	270529	M	52	s	261012	261173	89	23.9	s	downwards	4.60470860615	2.5626060052	11.11585220335	5.84395440475	7.906210325	6.3011670016	7.615702182	10.12962115265	12.93798616965	6.64669990675	8.07379428655	3.7897663053	7.69626697325	7.60448855685	10.67969904665	8.0614112463	5.1561300225	3.13080267035	3.3132549406	3.8059843066	1.97664395075	3.1511415011	1.7901612353	4.29756045605	3.83590874145	3.56303446805	5.18419342185	4.7598419988	3.65288054865	5.79748391885	6.72975131695	3.2482102022	6.73144722645	3.57344301	4.00691908385
downwards.s	270531	M	52	s	261012	261173	89	24.5	s	downwards	4.66897615465	2.77135389575	11.22819867705	6.2340437418	8.0138647445	6.2659444016	7.7438875779	10.77793993345	13.211816425	6.60544690775	8.15936186205	3.8065318391	7.7470193008	7.6469881071	10.7144924243	7.8796329555	5.2653286581	3.02459214735	2.90074378495	4.0655463105	2.07523754665	3.38982549695	1.70742943465	4.2373767573	3.88986387425	3.60294904355	5.09262074705	4.57319506545	3.763955221	5.45120179395	6.0792018074	3.66100980565	6.70791460675	3.94557665415	4.2475062954
downwards.s	270533	M	52	s	261012	261173	167	22.9	s	downwards	4.7267517339	2.90308978325	11.35050515005	6.1977064512	7.99677819435	6.30840014455	7.94806606955	10.6395752163	13.2215795314	6.6599683024	8.2776122504	3.73927828445	7.81248985805	7.8545826675	10.6632399201	7.87874493225	5.4629911504	3.08174995855	3.1507049564	3.9889610638	2.09585148025	3.2062939375	1.8247446626	4.3298764002	3.60721687165	3.6525042427	4.9894686517	4.59896569295	3.6273424072	5.53683031515	6.1291756548	3.5974344564	6.8977475404	3.80085318425	4.28648300475
downwards.s	270548	F	52	s	261008	261053	125	18.9	s	downwards	4.55431292285	2.8813602995	11.4773531372	6.54714362565	8.44533136835	6.5502376781	7.62245462595	10.86442758855	13.3529305605	7.06299707545	8.4529272738	3.88447417745	7.5694880013	7.6010900028	10.8994846159	8.0928948425	5.4358646143	2.75605859505	2.91027451735	4.39455688445	2.0868994126	3.46949876	1.64738116585	4.2015494624	4.13397562825	3.5908263615	5.02122051775	4.7850514675	3.85967359145	5.72093302765	6.50992980075	3.7603084901	7.0809971992	4.0178815947	4.0117117127
downwards.s	270554	F	52	s	261008	261053	125	21.1	s	downwards	4.469521339	2.6822132393	11.25943632215	6.64849485695	8.4476088954	6.47046334095	7.633393897	10.9354160975	13.2766119467	6.8432840277	8.3573968011	3.6866896827	7.82815035295	7.95863695445	11.06510695925	8.59738076625	5.9228830239	3.23626818925	2.7743628224	4.18370449135	1.9023869742	3.20349682155	1.7947536105	4.2173160028	3.8013342908	3.49012479495	5.0786772878	4.80458486875	3.6462101034	5.61172158245	6.96230730075	3.61929914465	7.4633203464	3.82934474735	4.25883795605
downwards.s	270579	M	52	s	260724	261039	146	27.5	s	downwards	4.96767234315	3.01195534415	12.47818432445	6.9787893038	8.7910296024	7.2377244561	8.50940420065	11.5227588348	14.18041942255	6.9916441841	8.8398183034	4.08827674125	7.8231438237	8.5837700443	11.74654951425	8.67940641355	6.38182155895	3.34585587705	3.31361878915	4.8252676545	2.71140822605	4.1833244937	1.86277903065	4.3888704736	4.2415006257	3.67011150395	5.4183240666	4.557726917	4.28576944615	5.743021908	6.22562118505	3.5011407507	7.66781446415	4.1143624414	4.1139679563
downwards.s	270583	M	52	s	260724	261039	87	26.3	s	downwards	4.4448017726	2.6850421334	10.977035425	6.1271849243	7.8206416924	6.34889230835	7.1686513378	10.2358290424	12.6101259062	6.65177586675	8.0278085029	3.88625415145	7.5009516915	7.4885918982	10.31162994575	7.60481113765	5.3884397599	3.01701542295	2.8448298582	3.83086085315	1.766898204	3.35056898055	1.7854663787	3.79703808205	3.7929844998	3.5667838963	5.03338390985	4.50069608345	3.6713684724	5.6839447354	6.32146324835	2.99311393605	6.87329962295	3.537468084	4.01805217375
downwards.s	270585	M	52	s	260724	261039	87	26.9	s	downwards	4.61967544775	2.94391953105	11.5931883177	6.43425885255	8.37274621195	6.58722162705	7.63801582895	10.74415859905	13.4174987604	6.9246324637	8.21047619795	3.8796212946	7.5599390847	7.6698693917	10.6958550097	7.81262878195	5.17928881505	3.0082052869	3.1803159523	4.2282964192	1.90517503505	3.343493245	1.768220461	4.19094550585	3.99223334085	3.7250615957	5.32676296585	4.7770208903	3.6436863424	5.70115843055	6.21240400925	3.43992476145	6.7398953155	3.8576509347	4.28833632475
downwards.s	270601	M	52	s	270030	261269	164	22.7	s	downwards	4.87256310925	2.8287217867	12.0283802491	6.73540050665	8.51872405925	6.6213795434	8.6958515558	11.39139198635	13.7031912717	6.6938853928	8.0639946419	3.909639478	7.6503582035	7.9942819497	11.24138689505	8.12511626835	5.66751145505	3.32790710755	2.7600892839	4.2583419896	1.96141836215	3.26826143915	1.8557470827	4.262906299	4.2587545177	3.691589094	5.4480219458	4.7671603585	3.665306384	5.8793785777	6.3139276821	3.80063086625	6.7318137071	4.78186796735	3.8485860796
downwards.s	270603	M	52	s	270030	261269	164	23.6	s	downwards	5.1956687853	2.835683241	12.3635460633	6.5199212961	8.4413893307	6.602779414	8.47895049575	11.56961695565	14.067992441	6.57991153145	8.11107931275	3.8400116978	7.7692365339	8.37780617065	11.3862698229	8.23221289575	5.7021373296	3.27099919925	2.7714084272	4.33869532305	1.8611950726	3.2262854534	1.94601010225	4.34762363645	4.0602916624	3.8733112865	5.85424445485	4.6244616282	3.4685628796	6.14872487065	7.0335695348	2.8273145876	7.0055871043	4.0100587707	4.0768365594
downwards.s	270605	M	52	s	270030	261269	86	24	s	downwards	5.077872507	2.6623807062	11.97404574435	6.06163173665	8.1121433739	6.33827992335	7.90027380475	11.0013999178	13.70950155965	6.17980002975	8.07811681	3.6139056736	7.8423753382	7.83110093345	10.92359145385	7.7534472947	5.2280821171	2.80619661235	3.04689992615	4.27928023515	2.05804298855	3.22766811835	1.76936127055	4.3358979377	3.9684559163	3.8945168467	5.7511615846	4.4929187984	3.6506478249	6.14928408955	7.3584889461	2.8470584322	6.6748324982	3.9544773515	4.15256473985
downwards.s	270622	F	53	s	270192	270525	142.052631578947	18.5	s	downwards	4.5654011464	2.6430020924	11.39566199465	6.6673558037	8.32473568225	6.327685967	7.4121468266	11.1831888584	13.20519411135	5.99394873685	7.5726945291	3.5087702587	7.0439185692	7.60711706505	10.38363897665	7.80990787505	5.2789800238	2.661177629	2.19008738955	4.2436476956	1.55743562695	3.2519859077	1.771988017	4.0875325657	3.50657750275	3.832812095	5.23518859915	4.7378081662	3.5918150929	5.8908563708	7.10517993465	3.05500468155	6.96091553505	3.60238716685	4.2538337142
downwards.s	270649	M	52	s	261008	261053	159	25.5	s	downwards	5.05818816655	2.96351056285	12.2818153477	6.78672219025	8.71073565255	6.55827901335	7.85827445375	11.75777092525	14.1131322678	7.18384863825	8.03424061345	3.72066422845	7.35734269135	7.73848702415	11.0073479922	8.04786010705	5.53927187455	3.07005799705	2.57799634125	4.53839655995	1.9718124626	3.1605630128	1.855263899	4.27246948865	4.2239269369	3.7464159113	5.59802757405	4.8633567629	3.52218729205	5.95110306955	6.9739462474	3.20844131805	6.94153340845	4.0722829515	4.17427989165
downwards.s	270651	M	52	s	261008	261053	159	23.6	s	downwards	4.9339962304	2.8296466043	12.12926247345	6.6636817815	8.54891407115	6.6643719688	7.68804914445	11.4568749246	13.9144448505	7.30890524875	8.1915318428	3.7753378718	7.22060874665	7.8084731789	10.88573292655	8.01538096165	5.4456792546	3.01300362505	2.7739582761	4.325673915	1.9940415514	3.31390714845	1.84190214275	4.34729145555	3.92623614	3.8906674197	5.62767635595	4.76384704725	3.70407002175	5.9232818827	7.0397916813	2.90233564315	6.87625319695	3.9386138899	4.2458423505
downwards.s	270657	M	52	s	261008	261053	140	20.5	s	downwards	4.91088908575	2.8354564552	11.5021205653	5.96387108235	8.2843033796	6.2496583758	7.55244667325	10.78202991685	13.7541199019	7.22094431845	8.00438461505	3.77745296865	7.26263004785	7.5878883983	10.56963581645	7.4803562936	5.35355260765	3.03159883825	3.26134879485	4.27582550725	1.8707432908	2.97501493805	1.7625198916	4.5284326435	3.80742683505	3.77037849555	5.64875010565	4.45812871035	3.28070082275	5.99549473475	7.1561652039	2.8202529829	6.7547006288	4.05531951555	4.17701141925
downwards.s	270668	F	53	s	270450	270601	165	19.9	s	downwards	4.90531577685	2.8705951962	11.9930719846	6.5457050701	8.5669603594	6.70245722835	7.797020541	11.36258732185	13.9187573411	6.93537754565	8.1000860694	3.6845017824	7.3867467194	7.9670163282	11.0113116402	7.8843217264	5.46603485645	2.63361628615	2.8294469886	4.3939046212	1.70155841515	3.4175480371	1.7549996733	4.39523918735	3.7564321772	3.89240361145	5.5666083689	4.7586078223	3.76001485735	6.00387653165	7.10579467315	3.1725301906	6.82233938795	3.92619987225	4.0437823426
downwards.s	270682	F	53	s	270512	270651	165	21	s	downwards	5.09517096365	2.86337406115	11.9188151585	6.6396214213	8.4450172238	6.4847740778	7.28072655815	11.72563583925	13.91122261115	7.06037041315	8.1404163126	3.7581225959	7.38472956445	7.88132086075	10.8911153017	8.2842404624	5.27831106615	3.17693179845	2.3275275378	4.49534215075	1.95597287255	3.2073668956	1.74918651045	4.3565106918	3.77333917705	3.8660764842	5.4446786588	4.9465955972	3.58454187275	5.94064885425	7.22821498755	3.16332795905	7.0306456398	4.1790311367	4.11099394995
downwards.s	270846	F	53	s	270500	270649	153	21	s	downwards	5.090683971	2.877972568	12.2299343209	6.5113653528	8.68398592175	6.85703392905	7.6110773872	11.36637951385	14.10987245425	7.22282316395	8.3488551057	3.7256365206	7.7404905454	8.2477647155	11.2694944691	8.28484183145	5.42447084245	3.23580360865	3.0266141785	4.4903943691	2.02438062255	3.1904404367	1.74046110125	4.62944243805	3.8457287947	3.98486572535	5.6613791596	4.7170109845	3.4824922991	6.34372459155	7.46756205075	3.27235922465	7.05119646905	4.1536386545	4.11148654135
downwards.s	270848	F	53	s	270500	270649	153	17.9	s	downwards	4.9416015889	2.90259015015	12.075554973	6.4406099168	8.2666731488	6.76734198765	7.607185553	11.3701333854	13.62112037735	6.72653467665	8.04229466745	3.9477624164	7.5348895906	8.00923660525	11.03552380795	7.98572763265	5.41248389275	3.1197628206	2.47199985495	4.17250247455	1.87655503175	2.94700291585	1.74620051555	4.1150481341	3.81860925705	3.9699553833	5.54544946875	4.8571387364	3.3501754738	5.7877533761	6.32384281835	3.724411032	6.95225295395	3.96690082945	4.04303561445
downwards.s	280018	F	53	s	270186	270149	142.052631578947	21.3	s	downwards	5.06912950405	3.04660788395	12.0518707087	6.35993758465	8.43003272655	6.5035907912	7.7411565785	11.25739336535	13.8886817652	7.12573491075	8.0828826386	3.66264318935	7.4854162351	7.9224710047	10.90623757235	8.0711095215	5.62206178975	2.8200062105	2.90310678335	4.34549550245	2.2110363623	3.26359738025	1.77598981755	4.3645764526	3.6893011898	4.04763541825	5.4241282023	4.4545893408	3.7987273817	6.0956452342	7.59661174595	3.3282536265	7.20484076505	4.2867845365	4.0903549296
upwards.h'	270154	F	47	hp	260736	260881	113	26.7	h'	upwards	4.9193	2.85775	12.2079	8.45815	9.17355	6.9368	9.45895	13.25105	14.7208	7.12	8.20325	4.0759	7.87345	8.44225	10.90705	8.5181	6.14975	3.02065	2.2657	4.4231	2.51175	3.88735	1.945	4.3152	3.9607	4.35315	5.8593	4.8001	3.53395	6.81245	7.1229	3.8065	7.3966	4.9759	4.1927
upwards.h'	270156	F	47	hp	260736	260881	113	21.8	h'	upwards	4.6013	2.94045	11.7739	8.01975	8.95075	6.916	9.1951	12.49425	14.31785	6.97925	7.9692	4.1256	7.6925	8.1993	10.57895	8.0718	5.91595	3.11665	2.69595	4.07935	2.68635	3.69425	1.9309	4.23755	3.75415	3.9523	5.55965	4.3853	3.3312	6.5639	7.3524	4.01905	7.1138	4.598	3.91725
upwards.h'	270228	F	47	hp	260730	260951	153	37.3	h'	upwards	4.8068112749	3.2704697987	12.29149909845	8.4269112734	9.58579689885	7.07679072005	9.5831822684	13.25941928345	15.25702463035	7.24600894695	8.2343412365	3.89507410755	7.98565547845	8.62486907595	11.0980197438	8.43225216385	6.0892156734	3.1231187425	2.71732654755	4.511250405	2.44435050775	3.8654959006	1.87211188365	4.7734111935	3.81966129095	4.0874994637	5.6348730426	4.49795513155	3.7530584557	6.77833685345	7.4289317252	4.2803798208	7.5195486869	4.4954153594	4.2423598172
upwards.h'	270230	F	47	hp	260730	260951	153	36.5	h'	upwards	4.68025235975	2.86817044745	12.44871483775	8.67466433625	9.6578608279	7.3996026532	9.5773438123	13.2639761721	15.0659154139	7.41380504835	8.33650328255	4.1058878786	7.85367904385	8.6326739023	11.24577328395	8.5047599344	6.11985660125	3.01062320215	2.6875188729	4.4404907126	2.60276163455	3.972747927	1.987670034	4.87646067445	3.9696553194	4.05604385205	5.68048758255	4.797721154	3.81203273615	6.8219122595	7.56616677005	4.1120522646	7.3692334199	4.8668037842	4.09875425985
upwards.h'	270232	F	47	hp	260730	260951	111	36.2	h'	upwards	4.6439384371	2.7398663215	12.24464962355	8.4815381465	9.67832433455	7.2000032689	9.6825953003	13.0272832334	14.92014761075	7.09000968865	8.21978084255	3.8206881571	7.83230021665	8.34553898445	10.69041409235	8.1375959156	5.8820350045	2.94629249105	2.49990585605	4.6429630315	2.2578946477	3.8540452511	1.87584265395	4.7055483162	3.5801285891	3.99512177195	5.6528245444	4.6655068583	3.79142506985	6.85128854745	7.5472986588	4.17601973475	7.38169358695	4.42611006525	4.3109046812
upwards.h'	270238	F	47	hp	260782	260995	153	37.3	h'	upwards	4.8372933119	2.75046794265	12.57910501105	8.5363200389	9.45234097165	7.41182431675	9.404699614	13.156192247	14.84910779675	7.1942291937	8.3768269143	4.01363156295	7.90135677015	8.49897557	11.17767370445	8.4076318567	6.1119033698	3.08172641875	2.51178126895	4.49730986455	2.3934119392	3.9365278366	1.9497239547	4.44337675755	4.0375169389	4.116086324	5.6985265443	4.86597799875	3.74112871465	6.7247133256	7.48853617115	4.05103967745	7.5554003843	4.42987945925	4.1175028062
upwards.h'	270240	F	47	hp	260782	260995	153	36.9	h'	upwards	4.60507706165	2.8838114777	12.1403311078	8.5883282077	9.37576212275	7.18865833125	8.950141076	13.0311603053	14.67430091235	7.4786609973	8.3049533397	3.6337558184	8.07202146585	8.59750889575	11.13130115085	8.2106284545	6.1232414324	3.16646600385	2.5042919648	4.3878631303	2.5214071246	3.89644330075	1.9405616707	4.6163224835	3.8819911663	4.068526988	5.64301813715	4.63955566195	3.764684696	6.68543904975	8.18636468545	4.004659595	7.8229028165	4.1846701685	4.282260078
upwards.h'	270244	F	47	hp	260782	260995	160	38.2	h'	upwards	5.18634378475	2.87266307505	12.54684795765	8.40842172005	9.3037723395	7.0290525487	9.59196150735	13.31335785935	15.0813596264	6.94023414115	8.262080977	3.89788698285	7.8443410755	8.4998737292	11.12676989875	8.3855637261	6.04091446215	2.9531972186	2.7056482546	4.51024562045	2.62469673125	4.03537266735	1.83482801145	4.81019159375	3.89276852765	3.98002989685	5.7030823909	4.6612995275	3.85313005705	6.58559762515	7.2785379455	3.86136390185	7.03505781785	4.7520404177	4.02118671815
upwards.h'	270246	F	47	hp	260782	260995	111	35	h'	upwards	4.50811673735	3.0255688051	12.50935131825	8.7259680152	9.692229553	7.4321922664	8.6798687784	13.2263195888	14.9674665411	7.87088685435	8.43457883095	3.89779830455	7.8959774963	8.1785155966	10.6453617178	8.007092882	5.81059883065	2.87718466655	2.5537423419	4.51227761315	2.42213086435	3.82055787825	1.9319351606	4.384368054	3.9317023367	3.9003270777	5.68485732705	4.8025699914	3.6195592297	6.65560511105	7.1949209723	4.14489893635	6.95149307745	4.48043657345	4.13340110825
upwards.h'	270248	F	47	hp	260782	260995	111	35.7	h'	upwards	4.8344376988	3.02583928385	12.42315527865	8.54244336825	9.64829236435	7.2652310189	9.6660335167	13.22616389085	15.1484041324	7.16315470705	8.1809790585	4.0565648793	8.089740679	8.6430263252	11.22002436825	8.55986016885	6.3258582029	3.2013051801	2.6881381755	4.48741305835	2.1586754803	3.8324858944	1.95127653845	4.7944144947	3.95418480405	3.9093972593	5.6118092993	4.79458380705	3.81985847935	6.80838271195	7.3261033147	4.01693244205	7.07839811525	4.3829403595	4.19747443965
upwards.h'	270250	F	47	hp	260782	260995	153	36.9	h'	upwards	4.79536972405	3.1811703641	12.44774719465	8.4342198015	9.3293804199	7.36038275135	9.617837035	13.2350521469	14.91340750045	6.9943936766	8.09736438605	3.87154201795	7.9560116052	8.66487947435	11.26304858605	8.5097056047	6.1101150043	2.99240541835	2.50231500285	4.35726617885	2.66942504835	4.06610835985	1.97018912875	4.75136126395	4.0215989932	4.34117123215	5.90311687015	4.7765583629	3.88568202105	6.6345642378	7.75460920315	4.1626023332	7.4784294405	4.8623547424	4.0316685628
upwards.h'	270251	M	47	hp	260730	260951	116	40.5	h'	upwards	4.9161494764	2.9480349202	12.6766285767	8.52981833175	9.2961543175	7.24045899255	9.1890015455	13.22787106065	14.70033954755	7.05771168945	8.11760216655	3.77289374805	7.8782662037	8.2539274254	10.8368180134	8.0398821749	5.81809521675	2.84163394255	2.200568302	4.37579701145	2.52106414635	3.89054003895	1.9674459686	4.4877906162	4.19794361955	4.15800376245	5.68783719095	4.52865526195	3.76475674275	6.8366420013	7.498522962	3.74704915245	7.12841760225	4.5525429555	4.11920874045
upwards.h'	270252	F	47	hp	260786	261005	153	37.5	h'	upwards	4.80119519025	3.0010965724	12.29837657205	8.19219795675	8.86617921175	6.99944647935	9.464431857	12.90398361345	14.3275763108	6.5722950064	8.1155208837	3.9723098138	7.88656224995	8.53388258075	11.09363394255	8.2027977645	6.08995391225	3.2471047368	2.28856195235	4.4398947495	2.5699161992	3.9251113371	1.81155738605	4.55070194145	3.97247006605	4.23931325115	5.68826898965	4.76710669605	3.67913027915	6.9454888191	7.03523131695	4.47000477585	7.19478646875	4.483186067	4.049683801
upwards.h'	270253	M	47	hp	260730	260951	168	41.1	h'	upwards	4.91614036635	2.99413243785	12.67982374365	8.3672034363	9.4393214781	7.19040524465	9.49238203005	13.2724035861	15.05499883245	7.3291056911	8.10002439005	3.99061354255	8.08087047145	8.83595907985	11.3053110032	8.66777461245	6.34006894155	3.05245415845	2.4415967794	4.6248695846	2.60437312395	4.12587863685	1.89846426715	4.5946744298	4.0592679722	4.05907358745	5.68833937605	4.68324999815	3.8295026226	6.75898344905	6.97459891645	4.3774575046	7.26660456355	4.54332538945	3.9012416318
upwards.h'	270255	M	47	hp	260730	260951	111	38.6	h'	upwards	4.8799039265	3.02116866635	12.4664618751	8.44491626555	9.43936893435	7.26803021035	9.62281021175	13.2579023789	14.97533918135	7.1878254793	8.12742451765	3.8286705528	7.96897111755	8.6941381387	11.2276326867	8.56445126605	6.34799604075	2.95094353545	2.41250344985	4.66964233785	2.4174325776	4.2251885025	1.85692522675	5.05508793145	4.1326016391	4.0354133869	5.6338250107	5.04892644025	4.1963097835	6.6281823849	7.11288658595	4.2731681052	7.35623123825	4.7688396226	3.7551317714
upwards.h'	270256	F	47	hp	260786	261005	153	36.7	h'	upwards	5.09653906785	2.93230373615	12.5614704916	8.5261708904	9.4042642028	7.16448412055	9.42023274765	13.3768427822	15.05039681095	7.1518215995	8.3104629461	3.96526135105	7.97730741445	8.60327331225	11.1108600376	8.4033801949	6.2293408622	3.12062034595	2.5370420614	4.6887269688	2.5276972557	4.02503303335	1.6930508617	4.7748138397	3.8647654564	3.9815410424	5.5826162881	4.6219209587	3.9872949301	6.67690481225	7.32138622915	4.54534349115	7.409027026	4.7230698471	4.34597772985
upwards.h'	270257	M	47	hp	260730	260951	111	40.1	h'	upwards	4.5820646087	2.96950639925	12.30876040905	8.4378509924	9.38463431345	7.25676604895	9.1538136887	13.04369607095	14.74358015585	7.18999978485	8.22911104185	3.7704342123	8.03401639565	8.6787993189	11.25313441365	8.4401918942	6.2267855775	3.1300405852	2.44343967145	4.32744171995	2.39452450735	3.9343536618	1.8829141076	4.53943430385	4.06174644405	3.9655316106	5.65326709165	4.54077435925	3.83195542505	6.7751206023	7.1707250141	3.9221143023	7.32964341715	4.48997706465	4.3564148945
upwards.h'	270258	F	47	hp	260786	261005	111	35.8	h'	upwards	4.9359151553	3.00015305795	12.38316129645	8.2343038253	9.1152367913	7.15918086375	9.0705764647	13.11446518795	14.7967400515	7.28922428015	8.4695051405	3.9054638593	8.13728705865	8.56295080075	11.08512083005	8.26813271135	5.9350711021	3.01415739535	2.52921468655	4.28892152945	2.7088087058	3.83762380905	1.9622684536	4.5455479597	3.9416556568	4.2920129805	5.7098676601	4.71655764395	3.7663366736	6.7905478999	7.5676573655	3.94125159945	7.14394622425	4.80397542215	4.3514020914
upwards.h'	270259	M	47	hp	260730	260951	168	41.6	h'	upwards	4.7544266642	3.0973432372	12.37968547855	8.2916254684	9.14557230075	7.34386575755	9.5821502592	12.80313098705	14.5707193603	6.36730014085	8.4444929214	3.84850988685	8.47832980455	8.8517997892	11.28572955085	8.2669594729	6.25189629205	3.26822747625	2.708570547	4.3770016957	2.46219396665	3.8648237144	1.8802598346	4.70808283355	4.16374430155	4.2067564229	5.87035398375	4.5346880863	3.65818717775	7.05642600925	7.0282347853	4.09499184095	7.05984520685	4.26978794825	4.0253993411
upwards.h'	270260	F	47	hp	260786	261005	111	36	h'	upwards	4.60842652875	2.92749269015	12.2889944028	8.45491819315	9.64809385665	7.4045496566	9.56783364335	12.95847121115	14.890649887	6.88523114405	8.21261218085	3.61680150405	7.94648359095	8.147198344	10.62366596465	8.10434068485	5.64138789065	2.5782276747	2.5908941207	4.53196017625	2.4588790803	3.84155691535	1.8549265647	4.6207815451	3.7835407168	4.1362110993	5.67085970865	4.4671075037	3.85619546205	6.67327791925	7.4576769617	4.2948123234	6.3110989463	5.1806936162	4.24677129635
upwards.h'	270261	M	47	hp	260730	260951	116	40.8	h'	upwards	4.66471405065	2.7566393547	12.24907586	8.3697965068	9.25204523325	7.18938058885	9.5455672409	12.80742172755	14.4789874072	7.07879783665	8.1616773612	3.9272614391	7.8605775039	8.4367978133	11.05522227635	8.28263709365	6.0149739648	3.08683858805	2.48358571635	4.26838195765	2.5733012822	3.78707299375	1.97477637265	4.6873472187	4.00082293495	3.9422383886	5.72887265525	4.5521769267	3.67239973	6.9390705213	7.3306299771	3.8842769924	7.2114022177	4.31065762975	4.2479701418
upwards.h'	270263	M	47	hp	260782	260995	116	40.3	h'	upwards	4.58354628375	2.9449077428	12.2354235846	8.213523455	9.20111681575	7.30655354065	9.2423807836	12.77800409125	14.64002463105	6.89754331995	8.5111423405	3.75860455915	8.11186262955	8.5944999031	11.00825538025	8.1103993658	6.13139314015	3.10714400245	2.73158055105	4.1958665233	2.31352253175	3.6292277867	1.89896761345	4.6342874721	3.83963894705	4.04901521885	5.65324270825	4.66881228505	3.65115481845	6.7030282371	7.3274053243	3.8153667885	7.06575666665	4.41530568075	4.2006524146
upwards.h'	270267	M	47	hp	260786	261005	116	39.7	h'	upwards	4.88301350425	2.81717166995	12.42922307225	8.10875842095	9.10350021685	7.0903489656	9.4969489297	12.727649849	14.6510266133	6.85609232615	8.569100879	3.862122098	8.08944928295	8.75649334595	11.36390129805	8.37702377315	6.27596321095	3.0841428668	2.80483952475	4.4814132137	2.5412200801	3.9960087066	1.92060284845	4.5387113903	4.22720448255	4.1164767795	5.95685819675	4.4813301885	3.8397140428	6.6796395691	7.0147135019	4.0848618441	7.2899792825	4.5817757478	3.97868887485
upwards.h'	270269	M	47	hp	260786	261005	116	38.5	h'	upwards	4.6565856879	2.9483137854	12.26964484335	8.0805964557	8.9678020239	7.09965552265	9.49265300085	12.6415443382	14.3507622207	6.55256033445	8.14302186115	3.69760392005	8.02783047815	8.5640789989	10.96778686435	8.15989822085	6.14255779075	3.16218777095	2.5351201611	4.3341758207	2.823108801	3.8643174355	1.863434007	4.5403293785	3.83274475545	4.02400786925	5.73369006975	4.42825490985	3.605471446	6.5065818549	6.8591656695	4.35447545525	6.3431791675	4.87988790985	4.3355153948
upwards.h'	270271	M	47	hp	260786	261005	111	40.1	h'	upwards	4.82444024375	3.08456604095	12.42743630195	8.1817346316	8.88296609785	7.0560928352	8.97991816475	12.80641394515	14.4513990016	7.55104174585	8.17427572355	3.72804223075	7.698651317	8.4574946056	11.0136563428	8.4196028188	6.13277146885	3.0164180641	2.60045959535	4.7191010168	2.78452933645	4.0287383974	1.8581022628	4.52510231395	3.9822438025	3.8684924227	5.64362816325	4.74416247595	3.486668401	6.6660614406	7.3324395996	4.037708131	6.95875543205	4.47054108745	4.31481968595
upwards.h'	270273	M	47	hp	260786	261005	111	39.6	h'	upwards	4.83347746445	2.8805554435	12.43721062465	8.12855490965	9.223194488	7.15398777835	9.17060088685	12.79825534855	14.7413484449	7.38747735945	8.4881699352	3.8373945336	8.07143947925	8.76825915605	11.273959676	8.5718104162	6.2533529178	3.0398041367	2.7174316427	4.58683302565	2.41328091435	3.90732061945	1.84964606605	4.4886049101	3.9932947674	4.3112467049	5.70927844305	4.62671080065	3.7554951218	6.693802691	7.1816013475	3.79973518985	7.14983200025	4.4431101463	4.01493738625
upwards.h'	270275	M	47	hp	260786	261005	116	41	h'	upwards	4.86034231345	2.83239390715	12.53997497745	8.31168808935	9.3738857591	7.2818882269	9.45359946205	13.0259691159	14.80216030015	6.9235276983	8.1876017776	3.82567803115	7.7121569692	8.3053948738	10.7865924056	8.39164323795	6.08467926055	3.10108409385	2.49378409165	4.5495233134	2.50900993895	3.8275236274	1.9066604595	4.63552706465	3.8162106545	3.8521168251	5.3346418581	4.47820262425	3.6793355436	6.6165996526	7.1172694497	4.3418818756	7.21020099015	4.52291427055	4.3956215214
upwards.h'	270277	M	47	hp	260786	261005	116	40.8	h'	upwards	4.6723882283	2.86035495665	11.8846801393	7.90672806365	8.6910297502	7.01351960175	8.9343244086	12.5688591458	14.15304920355	6.97120359735	8.0504065789	3.90321572355	7.8819875726	8.4756534319	10.9217916768	7.9106666624	5.8827828439	3.20154590865	2.4236364456	4.14782933945	2.57292435825	3.734540261	1.84234640795	4.59560958055	4.0326624425	4.0169672259	5.5232663385	4.5282100477	3.557431973	6.62399993215	6.95278281745	4.08707765905	6.9706538787	4.4330394637	4.05694145545
upwards.h'	270279	M	47	hp	260988	261001	116	39.7	h'	upwards	4.752682082	3.14005861565	12.2115169422	8.32071161735	9.45498918785	7.00455851015	9.3629515618	12.9386893477	14.86984236605	6.89458343815	8.25936173405	4.0086031425	7.87760367355	8.408807023	10.6589854177	7.8180961581	5.9152129185	3.17919467015	2.59393902085	4.63881831575	2.2753050953	3.56492802675	1.9922714541	4.4606027621	3.86015610375	4.2847697656	5.7480841788	4.4830491503	3.3684276019	6.59295534255	6.6168852975	3.9674471917	6.47962478975	4.60468948885	4.31106931015
upwards.h'	270388	F	47	hp	260990	261007	100	31.5	h'	upwards	4.60308860085	2.90706518795	12.1047380005	8.12919297565	9.2340923938	7.1229056337	8.9816245292	12.6612832259	14.5429863467	7.32867013065	8.0854035008	4.38999622305	7.5938263713	8.29568997075	10.8459367207	8.04600878275	5.92337649825	3.06377009075	2.6588221962	4.49043137845	2.46588398605	3.6985671014	1.88018412055	4.3887322215	3.77120947915	4.0444688761	5.6986624493	4.56325173045	3.5396504662	6.5473916129	6.7167541309	4.27376907665	7.09335100985	4.6082942385	4.0561254006
upwards.h'	270390	F	47	hp	260990	261007	100	32.7	h'	upwards	5.0152540664	2.7238268839	11.90430702695	7.48339140465	8.67629198975	6.7020179766	8.7626860265	12.19762946005	14.3715506702	7.2849516682	8.22514371785	4.17658067495	8.1019976825	8.5311838443	10.97820379485	8.17717897425	5.99674720015	2.93948863565	3.00330246465	4.2509748976	2.418751041	3.77970815045	1.89011233855	4.5678778854	3.83748331725	4.02941698735	5.6188117911	4.29836748285	3.6221250181	6.5754102319	7.2982574667	3.85828621095	6.96191994985	4.53866154595	3.81722504065
upwards.h'	270392	F	47	hp	260990	261007	157	37.4	h'	upwards	4.8460808357	2.98133459945	12.7605325562	8.36576017955	9.4502805459	7.2207750867	9.11161226445	12.99755929435	14.9083974276	7.67695780955	8.6090116819	3.65841852665	8.14819979865	8.96779310665	11.6456167457	8.9243270284	6.5251025164	3.294701982	2.66687035685	4.6826817109	2.6149557058	3.93411775545	1.94760321275	4.5684773636	3.95635526015	4.01886452835	5.73311014885	4.7681009872	3.79811400305	6.6553042367	8.0431290084	4.1400406579	7.65615810785	4.5783975087	4.20334122545
upwards.h'	270394	F	47	hp	260990	261007	100	34.4	h'	upwards	4.98184810055	2.91539880125	12.28578922275	8.08060586075	9.13252638945	7.15601633835	8.4536388651	12.5968381746	14.4741295974	6.85887975505	8.3941064812	3.78393703045	8.07909939285	8.48705012525	11.08552752535	7.987961228	6.0853211306	3.3632008783	2.5616474867	4.47532812405	2.3969845441	3.7056195562	1.9331237206	4.470324485	3.9759108092	4.0829206718	5.7467327838	4.51109208705	3.5662490549	6.84534659625	7.5484625121	4.268536973	6.7408892591	4.6537400746	4.367556859
upwards.h'	270396	F	47	hp	260990	261007	157	36.1	h'	upwards	4.979890737	3.07715090815	12.8062590743	8.6372113379	9.67904702735	7.5730794895	9.5123014425	13.5130829405	15.3574787005	7.63925078975	8.5128804683	4.28798886085	8.17218136375	8.9257176514	11.4380286478	8.60775204225	6.2982494948	3.25431903175	2.69088063655	4.3942010921	2.5764014612	4.1676085649	1.9201376799	4.92781520595	3.82677997145	4.2006979203	5.8029253173	4.5581673807	4.214518034	6.778176235	7.04376024255	4.5271822612	7.67427303785	4.7490188919	4.28387195945
upwards.h'	270472	F	47	hp	260730	260951	147	36.7	h'	upwards	4.49752509945	2.81446346735	11.976383965	8.2468669824	9.10556984615	7.0467373803	9.1460876444	12.5153500818	14.2580171153	6.8448361876	8.0554600046	3.9051862561	7.78982393535	8.27143364905	10.79708088745	8.09042481505	6.0779669115	2.9495782882	2.68264246045	4.3321906961	2.3109253525	3.8629239362	1.80196941615	4.2567081307	3.8596218558	3.8818494031	5.47991994655	4.5946577882	3.7931432709	6.5688569439	7.72972625455	4.1790624667	7.50601212115	4.49930164975	4.23889771595
upwards.h'	270474	F	47	hp	260730	260951	147	38	h'	upwards	4.66779282325	3.24637561585	12.4550500932	8.6311807893	9.4311903161	7.4594840126	9.3929172106	13.19349493975	14.771772108	7.12239078955	8.41527955045	3.7248719135	7.9233817745	8.52859670595	10.87964289415	8.38418507105	6.10109050285	3.04513551185	2.4215520312	4.8841770998	2.7466869679	4.18140730435	1.8208014558	4.79508487195	3.8642438653	4.07569601365	5.6710521278	4.8973231195	3.77767542955	6.49599175235	7.17770977295	4.2801375859	7.31733149435	4.6199596472	4.33522866125
upwards.h'	270481	M	47	hp	260990	261007	191	43.5	h'	upwards	4.8667356519	3.054186396	12.9616489422	8.45644964	9.50751327265	7.63344361675	9.81450021725	13.1292459586	15.11092782845	7.3540462726	8.71850480835	4.1475406424	8.2800398755	9.0858682345	11.5896986763	8.44238605245	6.31280692785	3.25861109	2.8348745776	4.75747265435	2.71256230735	3.97085130025	1.84185197235	4.69243424505	3.9250230928	4.3315545394	5.9222445943	4.6801624792	3.57127766585	6.70012300175	7.17499997695	4.139057918	7.511052293	4.6446719885	4.32469775705
upwards.h'	270485	M	47	hp	260990	261007	191	42.5	h'	upwards	4.7274784001	3.0554571623	12.38877009255	8.43637830105	9.46426680555	7.2192680508	9.6536250404	12.9437214209	14.8903304144	7.0739522636	8.4609894956	4.1786847476	8.31806267065	8.87284370515	11.1726336978	8.575789815	6.14940000825	3.09660263365	2.78636841685	4.59742037975	2.52020717125	3.83180014845	1.8917559788	4.66875510385	3.76033202805	4.1843816578	5.60609861295	4.66396254655	3.45658647075	6.6801210509	7.17506544355	4.100218909	7.52884234475	4.3902917195	4.3105243189
upwards.h'	270504	F	47	hp	270100	270125	137	40.1	h'	upwards	4.76775	2.8059	11.4578	7.9786	8.38145	6.41065	8.73015	12.20825	13.70715	6.32845	8.2218	3.604	8.1776	8.4922	10.7939	7.8298	5.9787	2.91815	2.66425	4.1328	2.399	3.81885	1.74955	4.3532	3.6958	3.96545	5.4614	4.29965	3.56705	6.27155	7.0456	4.3913	6.94175	4.3161	4.3602
upwards.h'	270506	F	47	hp	270100	270125	137	38.7	h'	upwards	4.77545	3.03715	12.2337	8.60215	9.5392	7.0328	8.8935	13.0366	14.81945	7.5136	8.51265	3.83085	8.28385	8.84475	11.2327	8.4751	6.12825	3.0788	2.5987	4.6244	2.436	4.01305	1.92065	4.54545	3.84295	4.05635	5.67715	4.44215	3.6804	6.3982	7.3345	4.2545	7.4773	4.38605	4.24415
upwards.h'	270508	F	47	hp	270100	270125	145	37.6	h'	upwards	4.78211137075	2.98953907395	11.6213961844	7.77416851285	8.7549231862	6.47634507415	8.3495304244	12.2581452347	14.0322936029	6.74252624085	7.7860033247	3.82905853385	7.8735835186	8.2765601029	10.7235630005	8.24618336885	5.63863180385	2.9496220071	2.43899329975	4.40377947615	2.4153823437	3.61628619855	1.8231896414	4.6140912809	3.69183173835	3.73255279305	5.3471950416	4.50312495685	3.55625168615	6.47429557525	7.261529123	4.1008363926	7.0897014409	4.4689721872	4.3214677197
upwards.h'	270532	F	47	hp	270118	261185	229	31.7	h'	upwards	4.50910461765	3.0429720888	12.06968110385	8.54589177035	9.34386955435	7.04289881395	9.2429091533	12.87751577205	14.43458639105	6.7601907479	7.9874730059	3.92246630925	7.66044867495	8.2471962026	10.68384788505	8.32274248275	5.7714776234	2.85842124365	2.34862322045	4.4702629117	2.70399509685	3.8371048708	1.9400787427	4.564341997	3.53139583435	4.0764873151	5.48749420355	4.356722131	3.67276566685	6.58906290605	7.10341468495	3.6184457949	7.086604051	4.30172576595	4.15690153585
upwards.h'	270534	F	47	hp	270118	261185	117	34.3	h'	upwards	4.68850358275	3.1601264995	12.06890800015	8.19866949775	8.90052893555	6.77586806515	9.0848948589	12.72166313865	14.255023323	6.56340374695	8.1250867798	3.91977313	8.06918956595	8.4777634813	10.87009558305	8.01754940715	5.7026781666	3.0953606636	2.3604244912	4.4081117924	2.6371020623	3.68655549985	1.9117984873	4.32915135045	3.87511175985	3.9741723815	5.56952995315	4.52214158825	3.3489859744	6.822882085	7.50265054075	3.9566890411	7.33087997015	4.16096889975	4.15726639845
upwards.h'	270536	F	47	hp	270118	261185	117	32.2	h'	upwards	4.92058446035	3.13240344145	12.31073883745	8.37301692575	9.14741991835	6.90533273925	9.1244357442	13.23831364335	14.77975759625	7.47743998935	8.23269875575	3.9126438612	8.0255951518	8.47444964605	10.9655131704	8.43456002915	6.00662130135	2.86771395125	2.33589494715	4.4715700157	2.35053160855	3.70618762535	1.87540839655	4.4588898645	3.83548916955	4.04194969375	5.5023326088	4.59160753465	3.58428389125	6.46333708095	7.22060265485	3.99364582095	7.3455345144	4.8297371639	4.0764533629
upwards.h'	270538	F	47	hp	270118	261185	141	36.3	h'	upwards	4.95753063225	2.824401818	12.45908134035	8.44787977865	9.54575308955	7.1360210136	9.1825199011	13.17991604245	15.1003851212	7.4874961116	8.4744609425	3.93290520235	7.9397582366	8.49613755985	11.1965257356	8.4398969419	5.97573315985	2.9699459125	2.6307561395	4.5891124995	2.4356935947	3.74611503615	1.86964336175	4.6332041484	4.06260814065	4.03637998845	5.6608167891	4.5553051477	3.7194908678	6.5316664053	7.33267816505	4.1237002254	7.43599569825	4.61287623965	4.0454650852
upwards.h'	270542	F	47	hp	270118	261185	117	34.1	h'	upwards	4.6467498782	2.9188558525	12.0538914892	8.33174811485	9.09914724665	7.1294845998	9.40596675875	12.88598165935	14.3975265164	7.3575151312	7.9856221924	3.7298869867	7.61991638685	8.20580549985	10.65153747115	7.7728158731	5.71643980105	2.8627902961	2.32448049495	4.29964151295	2.6985892359	3.7181521477	1.8776668443	4.51415353375	3.70249045045	3.9341729926	5.80085734595	4.441352371	3.5138796171	6.46405483575	7.46918448905	3.96138711745	7.1897802512	4.47558353015	4.2274005063
upwards.h'	270560	F	47	hp	260736	260881	115	34.4	h'	upwards	4.9393243849	2.86655543935	12.2773846358	8.39769615705	9.1855377911	7.0851911823	9.26543870785	13.23489124495	14.76605280525	7.43664785725	8.3249731516	4.0608215086	8.005980559	8.50119339705	11.1472388904	8.2605012446	6.0664756788	2.8973170818	2.33696264985	4.49794835215	2.7118483856	4.0568661674	1.862711361	4.58669169915	4.1499941666	4.0618316058	5.588168962	4.40664815835	3.824507257	6.87140554115	7.35471132275	4.05831592435	7.7809061764	4.13730507065	4.1329968565
upwards.h'	270562	F	47	hp	260736	260881	115	34.2	h'	upwards	4.7393335793	3.0166976694	12.11567051525	8.14662734165	9.2014054788	6.96043815315	9.5094871596	12.70315733795	14.56396222835	6.7390323161	8.08286368295	4.0046420201	8.0192142615	8.58230648465	11.1406578212	8.22846549615	6.1599514314	3.18391739025	2.55144585515	4.32941317795	2.57181635885	3.78470049545	1.98674898555	4.6305536202	3.9791562919	3.9971199362	5.57116933075	4.39156925025	3.67703393275	6.42985741685	7.3473914593	4.3183402673	7.53818444665	4.6172775218	4.15208248635
upwards.h'	270564	F	47	hp	260736	260881	115	36.9	h'	upwards	5.04864923275	2.8871981384	12.2656724418	8.2228567494	9.22317320815	6.9833900037	9.4890168152	13.1640456278	14.8725643476	6.97799692195	8.1893613804	3.84874672155	8.0027486511	8.36848029305	10.9465405986	8.3611198968	5.96421042745	3.1545632793	2.3160417402	4.48103046025	2.5318555544	3.7874146273	1.93562444895	4.55775424855	3.8575442492	4.21135522615	5.6914279676	4.74755963405	3.7054391209	6.5397602382	7.62601276735	4.1759553145	7.41722614655	4.59741213785	4.2601248465
upwards.h'	270565	M	47	hp	260730	260951	139	43.5	h'	upwards	4.48718570585	2.8978825219	12.1130065913	8.4239273933	9.29136715935	7.21472425165	9.43026364315	12.91347590645	14.5472057873	7.2067812124	8.13377649925	3.54031177305	7.589517716	8.0630442089	10.6270065849	7.90821735305	5.7510425313	3.1735098281	2.40745480375	4.3493264223	2.7192401504	3.5979594851	1.9342732335	4.4934223916	4.1677656225	4.05566852965	5.79710399015	4.3594707501	3.5119923038	6.88601514885	7.49251461705	4.13512971085	7.2958044086	4.1478692379	4.11055831015
upwards.h'	270566	F	47	hp	260736	260881	139	36.1	h'	upwards	4.83379351095	2.73668567065	12.28971567565	8.3997612094	9.4065294924	7.15739206515	9.5124571117	12.87234408725	14.57141948885	6.69934388	8.00146893855	3.7146961771	7.7287335902	8.19432044555	10.5637763376	8.12551460295	6.01248289085	3.10751003745	2.3393068904	4.6581066176	2.48513954705	3.7739417526	1.8149425671	4.4612128487	3.9107121095	4.00152564355	5.36937500165	4.54099817835	3.67299729535	6.2962174748	7.4509340979	4.02393548275	6.6736420817	4.5149490946	4.3579259716
upwards.h'	270567	M	47	hp	260730	260951	123	42.5	h'	upwards	4.7242590361	2.83874712485	12.0792253759	8.24551430285	9.20013886585	7.04061323155	9.7035010521	12.94875255055	14.6248083824	6.7998980588	8.19141271725	3.8762592707	7.7737220419	8.3504450797	10.7697538437	7.91081756285	5.97860559745	2.946629655	2.35109505915	4.5202513072	2.3979401413	3.7522020507	1.76735075005	4.71476312705	3.7939375736	3.97347690315	5.48401151715	4.43090889675	3.7222409146	6.778996199	7.5839597521	3.70180388305	7.2010931333	4.34684488375	4.16347788065
upwards.h'	270568	F	47	hp	260736	260881	115	35.5	h'	upwards	4.83940086635	2.9990043063	12.24596471765	8.40827358045	9.3519493784	7.0779076334	9.1385558983	12.9973548795	14.64403196335	7.150720743	8.21223782865	3.96670675665	7.9711731434	8.50665223765	11.045146558	8.2464981657	5.9946702796	2.90083164915	2.28980394215	4.58583261955	2.54394951045	3.89058989705	1.7723364221	4.5543084461	3.9568531903	4.002782456	5.6353102721	4.44808394095	3.69125192995	6.66116237405	7.5774205481	3.9125836084	7.6280181729	4.31468811765	4.2069966144
upwards.h'	270570	F	47	hp	260736	260881	139	36.5	h'	upwards	4.97432395275	2.9487766912	12.6177581879	8.4202426561	9.3138901994	7.21409852595	9.38163902845	13.1751421932	14.8805259517	7.394455064	8.42091084435	4.183970523	8.16485852945	8.8354252258	11.45048609365	8.5388673096	6.19965785825	3.1981256971	2.4896086119	4.37216869825	2.78314430755	3.870551123	1.97383183375	4.5541900756	4.10801413775	4.0839464814	5.66944576365	4.4280343131	3.8514766345	6.73404136055	7.22295892325	4.36459849615	7.7631140055	4.2766299103	4.1024295312
upwards.h'	270572	F	47	hp	260736	260881	115	35.3	h'	upwards	4.65221938775	2.94824882925	12.17706142695	8.2573864182	9.2147029986	7.257761046	8.791901413	12.6282711581	14.36988764225	7.446486647	8.20125350395	3.8368962694	7.8192972984	8.3791290073	10.7692390733	8.2007420136	6.158470625	3.0103979908	2.46494523265	4.28652252675	2.478271376	3.8231102654	1.8660998689	4.38591261315	3.7135030972	3.86239844505	5.33831677025	4.426262741	3.7747534232	6.3440379723	7.56095602665	3.86806606035	7.47991379445	4.39001652275	4.4199098591
upwards.h'	270573	M	47	hp	260730	260951	123	41.5	h'	upwards	4.82465609085	3.097303075	12.05142333925	8.1001896557	8.79703703	6.9690073661	9.4248416051	12.6846500111	14.3508912777	6.6518338333	8.33332584335	4.3665896923	8.0178252456	8.5302612301	10.7552090776	8.1069556901	5.947566427	3.14399968165	2.71741751215	4.28090815175	2.8621569133	3.9610040854	1.86508278645	4.8531644813	3.7923677197	4.03590626725	5.6581065968	4.38309920915	3.62884945875	7.1034095052	7.26144439785	3.33488071665	7.48375999605	4.0534264369	4.1824337917
upwards.h'	270575	M	47	hp	260730	260951	139	43.5	h'	upwards	4.8554608579	2.98762605875	12.40496736415	8.31363989325	9.1238928583	7.1551119415	9.3933605182	13.02635995875	14.79971573845	6.74500068675	8.71051254975	4.1072196654	8.41206229635	8.81744268645	11.26642435015	8.2132255277	6.1843810024	3.2657014968	2.705530225	4.4435276912	2.71966611555	3.90208896735	1.8600717209	4.6266153266	3.91297405625	4.26012410855	5.87113585485	4.3658170403	3.747973772	6.96796427235	7.9614831664	3.73326610555	7.49648200725	4.35965245605	4.2463935242
upwards.h'	270577	M	47	hp	260730	260951	181	44	h'	upwards	4.81456270775	3.0069882983	12.1672780575	8.33063024145	8.98821102065	7.10533331525	9.00082018925	12.7101181552	14.47636266095	6.97074536355	8.58376811095	3.56377564935	8.11986686705	8.62159629995	10.90292361275	8.181001038	6.2144514466	2.98610818325	2.9390850997	4.2882292489	2.6356654282	4.16938433295	1.80641511245	4.7319051483	3.6975155875	3.96145893245	5.59403516845	4.5954569818	4.00710579655	6.44993852365	7.77653152065	3.8153918265	7.6010865776	4.1084489904	4.3498113406
upwards.h'	270607	M	47	hp	270100	270125	179	43.5	h'	upwards	5.14651819785	2.9541588028	12.649504736	8.37923334395	9.2186328884	7.06503416635	9.9106419856	13.1480529858	14.8873387479	7.1467035424	8.61187387525	4.0675019707	8.40283182615	8.9881505598	11.55147749165	8.66828232	6.39614405315	3.0241019099	2.77870288025	4.5387255628	2.51747080165	4.18342852245	1.7675881919	4.72882036155	4.11383357015	3.90712845025	5.6548772758	4.2730513849	3.95926715355	6.5897557394	6.87021591925	3.9352815737	7.5593857122	4.4623099042	4.4715853849
upwards.h'	270609	M	47	hp	270100	270125	130	40.2	h'	upwards	5.01083855135	2.8301765824	12.39264828775	8.1182361581	9.2357975269	7.0175991631	8.75021622935	12.5874818009	14.6759166829	7.2336942792	8.55425534845	3.6262300284	8.35728953105	8.9175828977	11.33029133235	8.32675131805	6.2459456144	2.96082677835	2.861882607	4.64608320805	2.2119754983	4.10669871225	1.83242450675	4.6871992486	4.0859483669	3.9368795026	5.66907233185	4.45886971135	4.0002146328	6.28649094735	7.09391098015	3.84719923065	7.03625630085	4.4785155657	4.1021118054
upwards.h'	270615	M	47	hp	270100	270125	130	41.7	h'	upwards	4.7978438903	2.8670628925	12.19991297965	8.303390533	9.3250043435	7.2195081465	8.7187894024	12.6438996839	14.69197783815	7.48855122495	8.3498955192	3.84958538665	8.19330201045	8.85148150675	11.22052106985	8.46513658305	6.36458751895	3.4305562556	2.94281847725	4.45893592295	2.41355918765	3.70388493325	1.7828023725	4.5479061891	4.07157857325	3.84274533715	5.4489814933	4.3438557503	3.5667398627	6.62224564265	6.90264047915	3.9499184141	7.3321218154	4.37528639765	4.15816070255
upwards.h'	270619	M	47	hp	270100	270125	145	39.7	h'	upwards	4.78449167375	3.028539881	12.2790367534	8.37971665495	9.2909912123	7.129432319	8.9696264321	12.80000405495	14.636802563	6.979873501	8.34663980625	3.8891411112	8.2024226914	8.714753447	11.1657269158	8.18686898885	6.1533650967	3.25307907135	2.6760838154	4.36505470565	2.47124279015	3.92625649085	1.89182229305	4.5487503423	4.05884904585	3.84423458205	5.6947142633	4.276619598	3.87319946605	6.57055850815	7.7478082244	4.07371382785	7.41179847925	4.3334452635	4.2297404827
upwards.h'	270621	M	47	hp	270100	270125	145	40.5	h'	upwards	4.6627424695	2.96981751795	11.677571435	7.8132643927	8.71598157945	6.8086939588	8.66846205475	12.1282379427	14.03439574155	6.48691284455	8.1451475482	3.8064548482	8.1662447505	8.53361771915	10.78861847845	7.7372085652	5.76089946045	2.85158938535	2.72345109015	4.28441407245	2.46784712955	3.9630877604	1.8462341137	4.46079286855	3.8253800749	3.8037290727	5.4091216868	4.08430720535	3.70834808125	6.6564961505	6.8918956825	3.83507486315	7.1864299513	3.9072890929	4.1036210356
upwards.h'	270623	M	47	hp	270100	270125	145	41.6	h'	upwards	4.50280186725	2.93846754235	11.83038287725	8.14642969725	9.0576194702	7.01993462735	9.0221807771	12.48180260715	14.30896838615	6.83271945805	8.19293469305	3.8735007965	7.98373603745	8.42177447595	10.755949667	7.8778807013	5.9526535906	2.94483295455	2.6737558517	4.13901539785	2.4568864433	3.8450613612	1.8661599334	4.4005265494	3.9476128995	3.804498518	5.46520437505	4.1943348802	3.89739200995	6.31859006295	7.22513597075	4.15246234015	7.6585111418	4.0849420779	4.10781915585
upwards.h'	270625	M	47	hp	270100	270125	145	21.5	h'	upwards	4.48735567705	2.76511269275	11.3959670223	7.96326322635	8.60189966635	6.6791975565	8.444667282	12.2226895612	13.74419081135	6.9005944455	7.977773012	3.63234945155	7.7690674689	7.9257875785	10.15074091345	7.38000042655	5.4926287272	2.6922847379	2.4438661695	4.0559935484	2.1728367443	3.8143333383	1.73832982575	4.30533577135	3.6160067005	3.4880715774	5.38260982715	4.17686070195	3.6683044283	6.16153378805	7.16507922775	3.55074639015	7.0164747474	3.86165694725	4.26355829225
upwards.h'	270635	M	47	hp	270118	261185	117	37.9	h'	upwards	4.71196032515	2.96605710745	12.10136899625	8.22185430105	8.9462070904	7.09592550065	8.8987407713	12.5173466164	14.3180427389	6.84681582195	8.3629316659	3.43487847645	8.3127284142	8.606658513	10.99671957885	7.9381232289	6.0227538286	2.9762459722	2.8940170967	4.1773693346	2.78930783865	4.1332496593	1.8252470842	4.58285259295	4.1781887304	4.05102215405	5.56021806865	4.3123928099	4.04389692705	6.5193359753	8.3609720515	3.99548324035	6.82857066415	4.4103065196	3.97898945815
upwards.h'	270637	M	47	hp	270118	261185	117	38	h'	upwards	4.75644181555	2.7513465771	12.18307125255	8.4623277611	9.40044851815	7.0222504942	8.9436535932	13.00314307095	14.7646501387	6.78929753035	8.53520311525	3.5488885255	8.18347061515	8.56827106625	10.97780237695	7.8054760828	5.89463546765	3.06865137725	2.61030705065	4.5991190638	2.3872922395	4.00842226095	1.8845630211	4.6337008133	4.06553655855	3.9473865203	5.7358906903	4.4204375781	3.8896460519	6.72553205505	8.4605452031	3.78835728975	7.55832020385	3.8225641361	4.08082019875
upwards.h'	270643	M	47	hp	270118	261185	117	38.5	h'	upwards	4.55537157245	2.7723043072	11.92455067215	8.45190628125	9.18999783215	7.29292646275	8.48573270435	12.6197709355	14.1489019096	7.0885001093	8.26383891045	3.5303520802	7.80423019475	8.33003009735	10.7822740584	8.1706897253	5.9898125771	2.8670323245	2.27724673265	4.2653300641	2.4345645755	3.87300014585	1.87666375035	4.47424830915	4.04650378615	4.0389976254	5.50109153235	4.7227101465	3.71216445745	6.55017311185	8.0151093878	3.65558714225	7.6124842399	4.22092326695	4.13103048445
upwards.h'	270645	M	47	hp	270118	261185	117	39.3	h'	upwards	4.8039103069	2.87337484625	12.24920423365	8.27157822695	8.9063139851	7.05414669065	8.84386457995	12.61337729305	14.28118656035	7.0482184886	8.48998791155	3.58271666385	8.2306382295	8.56873563975	10.87040548465	7.9759767338	6.0729686674	3.09594313075	2.829497035	4.3406431541	2.88806259855	4.1259897762	1.9078620009	4.36245539975	4.05103334575	4.0987580573	5.5724437501	4.4267473936	3.9169619554	6.7022530336	7.83037006975	4.4781665995	7.71897138935	3.9734031808	4.00169705685
upwards.h'	270647	M	47	hp	270118	261185	117	31.9	h'	upwards	4.87354540615	2.86297702645	12.0240933137	8.2010846475	8.86829143975	6.79799205835	8.7119227085	12.88156629915	14.3644125816	7.0184284051	8.28895133765	3.5810341178	8.0947526394	8.4956607254	10.8387311365	8.0727647788	5.9229020174	3.0257236573	2.36607715585	4.4080401713	2.55153654575	3.9808426462	1.8379843503	4.4798916766	3.86667084705	3.88193987765	5.47144915485	4.501183356	3.89693063415	6.35146588595	8.18155274705	4.1322262026	7.37714069705	4.72889228375	4.1643355469
upwards.h'	270765	M	47	hp	260736	260881	139	39.3	h'	upwards	4.9747414924	2.9808226012	12.63951795775	8.3928179447	9.2148297455	7.1590437484	9.2713312207	13.1032327753	14.76056990195	7.05363363425	8.3084785207	3.6495743823	8.4036800294	8.8620497234	11.1211349581	8.5117978623	6.3545966726	3.45524445935	2.4746403233	4.41155875645	2.74515651955	4.0175314084	1.98840033305	4.59549242525	4.2111338506	3.83408092985	5.63309892365	4.6754827812	3.551629051	6.42899786555	7.99567828815	4.12289139975	7.7061098475	4.3766514092	4.2781248756
upwards.h'	270771	M	47	hp	260736	260881	139	40.5	h'	upwards	4.6465548086	2.91092126325	12.0939005661	8.3824850126	9.4462456417	7.30094140575	9.2655779948	12.7335273863	14.76757122045	7.03859007085	8.15896069505	3.47667773025	8.20437474815	8.79185392845	11.12776934805	8.09528595535	6.2853690608	3.10476822495	2.95551202305	4.3386456923	2.29236175205	4.1483751044	1.92530845185	4.7298573485	4.0863639861	4.0716678114	5.69833116715	4.5426076565	3.9471504275	6.47930283625	8.0012004143	3.9819658983	7.37566748865	4.450144988	4.10082682955
upwards.h'	270775	M	47	hp	260736	260881	173	41.7	h'	upwards	5.0577758999	3.1254542503	12.6159088212	8.49027073315	9.4915526807	7.1508701899	9.2107842725	13.1648343673	15.1726901553	7.1220799336	8.6549265941	3.84921346405	8.44251260365	8.8325515621	11.2260644436	8.19519951965	6.25740409055	3.0618218371	2.9054792242	4.65371950945	2.5403667135	4.3092780713	1.83284334425	4.7867103848	4.12194679535	3.84763578615	5.6827338218	4.50521941455	4.0730705503	6.5834171278	7.4744739017	4.3588365207	7.2290368137	4.2145034924	4.3250738033
upwards.s'	270142	F	52	sp	260820	260977	106	32.5	s'	upwards	5.4489	2.9886	12.9462	7.1169	8.84765	7.1234	8.68435	12.5528	14.82615	7.2152	8.59805	3.8907	8.13115	8.448	11.72975	8.34245	6.00265	3.2651	2.61205	4.597	2.7088	3.75985	1.99445	4.8356	4.2405	4.1603	6.15565	4.52165	4.2163	6.35405	7.8204	3.54305	7.16775	4.5848	4.2261
upwards.s'	270146	F	52	sp	260820	260977	106	31.7	s'	upwards	5.16225	2.88005	12.7929	7.16115	9.0741	7.27645	8.7637	12.5533	14.99645	7.1281	8.6875	3.85485	7.89265	8.1602	11.4617	8.17495	5.78565	3.15195	2.835	4.5781	2.74295	3.68085	1.9803	4.6024	4.31495	4.15965	5.9645	4.5535	4.068	6.33705	8.0212	3.45265	7.2944	4.52985	4.2121
upwards.s'	270148	F	52	sp	260820	260977	106	21.5	s'	upwards	4.98497602685	2.8694544883	12.49505058465	6.7003246557	8.68678566485	7.2524009679	8.64807022865	11.9225864372	14.41482315595	6.9308323162	8.42622193375	3.92272743595	7.67828032095	7.92330707655	11.06272734525	8.2591561478	5.6695262173	3.0902273545	2.9524771398	4.24045119015	2.7547799121	3.5638231742	1.9838028295	4.41833582445	4.00978931225	4.06427970005	5.9270122779	4.6118696714	4.07079902285	6.575187678	8.04395242595	3.122831754	7.4789299334	4.0579008623	4.23362716495
upwards.s'	270150	F	52	sp	260820	260977	106	32.8	s'	upwards	5.231483466	2.81909810365	12.51886921615	6.29219375755	8.2121725625	6.9351483774	8.2169941837	11.29205269925	13.84429764325	7.08471940345	8.41962091035	3.86282033745	7.3967010912	8.23148312495	11.43276127715	8.39317057605	5.7326783212	3.20463444285	2.9364680559	4.4953980973	2.6674842843	3.39564029095	1.80572938965	4.2629257884	4.2050705533	4.0020304825	5.81350361775	4.4803788195	3.7542546542	6.3634344256	7.5822278577	3.15132894945	7.55867922405	4.09086311675	4.10270753935
upwards.s'	270152	F	52	sp	260820	260977	106	22.1	s'	upwards	4.8664084914	3.0915002069	12.389471853	6.9082424296	8.73888553125	6.9923100997	8.2964377753	12.09080528585	14.38748787825	7.14685820775	8.5090414607	3.85704148485	7.6799873124	8.12510143165	11.25349719735	8.3070449033	5.7167709584	2.8691235274	2.60339045735	4.5972461715	2.57478584235	3.69329226605	1.9357027605	4.4440292971	4.1100927654	4.184938515	5.7878621685	4.6172180948	3.94919210105	6.10234154205	7.25168488965	3.4386192358	7.3887451675	4.3931832617	4.24591087995
upwards.s'	270168	F	52	sp	260740	260935	105	27.5	s'	upwards	5.3715029191	2.76491955945	12.99519297865	7.15539895675	9.25290921415	7.323475214	8.58051929885	12.5499191966	15.1986390759	8.0721669039	8.9023242416	3.83727314665	7.7668340992	8.8250444459	11.9050974251	8.9128545231	6.21748997885	3.3303214092	2.9878318603	4.6494909129	2.42559045585	3.69185312125	1.95927971615	5.01729145125	3.81973112105	4.23684657635	5.90009648685	4.75240494575	4.17772569815	6.2792406826	7.32488734415	3.65140147815	7.39147305995	4.9545187531	4.3136413462
upwards.s'	270170	F	52	sp	260740	260935	105	30.9	s'	upwards	5.1651730503	2.848019254	12.6793146895	7.0803867512	9.02863284185	7.23443483745	8.63170323575	12.11602868495	14.6428817472	7.809819299	8.9438617441	4.0959994955	8.2554239458	8.80735489165	11.70293670675	8.76660711155	6.1804340492	3.55658493235	3.09353880835	4.60767106585	2.5427917591	3.520877133	1.89981963235	4.84058540895	3.7038734712	4.0875357722	5.71005411295	4.7647508956	3.89015723435	6.3011829755	7.05158126235	4.14477082495	8.1317114823	4.38449960055	4.37108696
upwards.s'	270172	F	52	sp	260740	260935	154	33.1	s'	upwards	5.5484261689	3.08154939885	13.29370505865	6.967637596	9.12492117385	7.0610593149	8.40338819515	12.4306938981	15.21336996825	7.3391144515	8.9767058772	3.7773312555	8.08846923445	8.54522869385	11.8758054693	8.70594209785	6.12413555995	3.3458563995	3.1233837098	4.8532523583	2.5037319599	3.6490378238	1.99078157705	4.7480508743	4.12661332345	4.07316381375	5.97557419535	4.86911455365	3.9836199857	6.46561242385	8.0533654204	3.54836151955	7.84928000355	4.4820576131	4.3016264519
upwards.s'	270173	M	52	sp	260820	260977	118	25.6	s'	upwards	4.86088146695	2.97671736155	12.2071781229	6.9507336129	8.5940568908	6.9416947927	8.72836403575	11.88778011725	14.1240608785	7.21205728045	8.6681391204	3.71153899445	7.8223197416	8.2648144568	11.3748585846	8.4734337346	5.91655940375	3.4163974658	2.780173084	4.5247788821	2.6141236304	3.51453027285	1.8479911489	4.57971549215	4.2748736484	4.08671816445	5.6311996223	4.90654560135	3.8799366736	6.18268314475	7.03903912455	3.7704512438	7.35461411785	4.3856651899	4.22269372535
upwards.s'	270174	F	52	sp	260740	260935	105	32.6	s'	upwards	5.40150161155	2.74773478565	12.71291617955	6.8619363899	8.96091442885	7.0627444266	8.64813738945	12.0220550688	14.6998509009	7.6072275094	9.0124374447	3.96623550275	8.26176367355	8.6863638812	11.77524060995	8.8954946945	6.2525564205	3.5056548929	3.1569785262	4.75140212305	2.5852146419	3.8920443778	1.8473616251	4.8719228577	4.02722176335	3.9275941947	5.6958437294	4.90311041685	4.42480546955	6.59202918685	7.6397063098	3.6815334935	7.81735519815	4.4273007653	4.27746316755
upwards.s'	270175	M	52	sp	260820	260977	118	37.7	s'	upwards	5.35818812895	2.91640540645	12.7558772554	7.0551029997	8.95360782335	7.01389718295	8.7892088119	12.4553186814	15.0076731624	7.11873686035	8.6702452226	3.7042247513	8.14643613225	8.3688188304	11.5716292405	8.18679392625	5.97434662595	3.31794923305	3.02033709435	4.66593384445	2.47266398135	3.6774524354	1.8912331485	4.6382134677	4.39750612935	4.0255046402	5.9190053591	4.56667051905	4.05349111965	6.2545495048	7.5777640178	3.3796689658	7.29509784995	4.42216186795	4.129553861
upwards.s'	270176	F	52	sp	260740	260935	105	30.1	s'	upwards	5.18967682835	2.83390008705	12.94350166625	7.04405510875	9.41475622925	7.42467442	8.5833159138	12.4224299807	15.264072022	7.93894714025	8.73861229565	3.9863381926	7.5758066637	8.40468241595	11.5962409839	8.5690812786	6.17482398425	3.4013173934	3.0698444502	4.8426623298	2.038608869	3.67469555445	1.8575620103	4.6014691143	4.08820861395	4.02223249985	5.8634087524	4.7600012098	4.07898805825	6.4998196126	7.04514669315	3.51807466205	7.73162892105	4.29384260355	4.1874805838
upwards.s'	270177	M	52	sp	260820	260977	111	35.6	s'	upwards	4.83504979135	2.985389191	12.76191963205	7.447868749	9.4240689547	7.48795941685	8.6212273384	12.51396846675	15.00291539475	7.27259144805	8.8426609814	3.7333767726	8.4187697703	8.6296286888	11.7741175506	8.34152790035	6.19498945205	3.1076883406	2.853464232	4.73091112345	2.7115010819	3.76857371915	2.0388477923	4.94755534315	4.34305283515	4.2620723789	6.0247354893	4.54937494225	4.1822053229	6.46203375445	7.6136297261	3.70111396595	7.2576906967	4.50023216265	4.04419598945
upwards.s'	270178	F	52	sp	260740	260935	105	31.7	s'	upwards	5.33859276375	2.84672924045	13.0980246192	7.0773673197	9.2256038334	7.198266761	9.2892677099	12.55386720225	15.2119694368	7.205710739	8.6539959022	4.03066003195	8.142764947	8.76420927265	11.9999102453	8.92579158135	6.1802305516	3.01898939835	2.9827426547	4.857981946	2.7984948842	3.89401470705	1.9159539538	4.77154349135	4.0164666831	4.23739132955	5.9508716131	4.52980881025	4.3144366694	6.57372892485	7.75994333685	3.81946461785	7.84886706	4.7362204541	4.4190972379
upwards.s'	270180	F	52	sp	260740	260935	105	31	s'	upwards	5.74860207245	3.0235453696	13.3104915514	6.9352073682	9.1163749576	7.2236069205	9.0493091034	12.5287530229	15.30587725255	7.2668265353	8.64199845645	3.81317498635	8.02911685095	8.6220008985	11.96981530435	8.8076692793	6.1164399931	3.0963274086	3.1617905049	4.86318167035	2.4657781094	4.01096759765	1.9136131719	4.83805550405	4.2279080353	4.1664126932	6.0013308979	4.93771991815	4.3135743886	6.5794193697	7.83728793645	3.7203290704	7.7483233961	4.49895111425	4.13886859435
upwards.s'	270181	M	52	sp	260820	260977	189	42.8	s'	upwards	5.34039865555	3.12382026445	13.4318786461	7.4586975871	9.4772653807	7.46956867375	8.9206084878	12.93324175455	15.5673877658	7.89530438275	9.25316579385	3.91870833075	8.39809534985	8.88445787275	12.0405293728	8.7451116831	6.37747786965	3.32943709015	3.08561708245	4.7022278382	2.7326887419	3.9111642855	2.01093215065	4.79553233065	4.4092466961	4.23958117035	6.1436125269	4.5816740604	4.20870057645	6.4423130075	7.59367297465	3.50829248665	7.795974663	4.59290651135	4.24848366055
upwards.s'	270182	F	52	sp	270032	261285	105	30.5	s'	upwards	5.47608099515	2.8782207391	13.08198686695	7.0714253884	9.14400232845	7.22923037915	8.7025018971	12.32286251805	14.97807850625	6.932419909	8.42901165955	3.8104291979	8.0342569792	8.62986752685	11.96912051535	8.9742300779	6.44184915895	3.41870956545	2.97126894345	4.90554069335	2.7669519681	3.88758148645	1.90401419065	4.84755800845	4.14441750275	4.0631588885	6.03363178355	4.58643620395	4.3172919812	6.62596664285	7.8683981989	3.9465705894	8.2943456882	4.3949502562	4.21985473895
upwards.s'	270184	F	52	sp	270032	261285	105	32.2	s'	upwards	5.22709893325	2.8116293666	13.19032544615	7.3212494875	9.43313360315	7.7257842696	8.719356729	12.53295389825	15.12970289875	7.1609364302	8.5536142268	3.7443366497	8.0565249494	8.6012631946	11.8218392212	8.75360213075	6.0954009693	3.1931195732	2.86419758985	4.8593837444	2.5854177651	3.94988479445	1.94170620145	4.97977900045	4.0715986163	4.10282085845	5.96927333805	4.811286457	4.48409198195	6.6301402827	8.29656902225	3.77318806525	7.6138208729	4.6161802476	4.34371706665
upwards.s'	270201	M	52	sp	260740	260935	117	36.5	s'	upwards	5.31289524785	3.00266106135	12.84723178115	6.8939348699	8.92818962975	7.033101386	8.872724957	12.3627442196	14.91946102975	7.2072378638	8.6072914128	3.7656769198	7.53129833145	8.23462749615	11.35846962335	8.40380648855	5.83464693655	3.1695060111	2.82455966445	4.66846837055	2.61962110525	3.5616952498	1.86451025425	4.55447246115	3.98082187065	4.06611276155	5.8814596324	4.49121297325	3.9286303685	6.67447105505	7.5480400586	3.8050454788	7.2640896169	4.54365439955	4.31633325655
upwards.s'	270203	M	52	sp	260740	260935	154	38.2	s'	upwards	5.3960983211	2.96782089245	13.1862849849	7.307129737	9.25678648015	7.33287126915	9.00731458035	12.84032583145	15.37806942855	7.7147922143	8.8935914462	3.7402135642	8.12169832415	8.9497033295	11.94934378635	8.8447596423	6.3636912077	3.65904436235	2.97088144905	4.6988087583	2.39570428265	3.6220143424	1.995819831	4.93457351775	4.14212570175	4.3494931531	5.98245072435	4.88968153565	3.9320675882	6.45012007365	7.5468331756	3.81526797685	7.5945857405	4.71806720615	4.13958123275
upwards.s'	270205	M	52	sp	260740	260935	112	40.7	s'	upwards	5.2080276722	2.8724209606	12.87567684995	6.7418242095	8.8064352241	7.1453112914	8.56685699885	12.0223815734	14.70155033555	7.2703024769	8.78716208195	3.9697255499	7.7257659188	8.2406317555	11.65079034175	8.56666956745	5.91170827935	3.1103423764	3.0812699938	4.63315069485	2.41486408875	3.53723330905	1.92642571685	4.49074129955	4.28124642815	3.9990673076	6.0735687533	4.83987276195	4.0272810908	6.58076060935	7.29167580535	3.5971804286	7.5032654496	4.07869573845	4.18336514225
upwards.s'	270207	M	52	sp	260740	260935	112	40.3	s'	upwards	5.0963253894	2.6832502042	12.78138596425	7.0247798571	8.8945668958	7.19237714425	8.9185185545	12.4121251331	14.7348233982	7.3766805228	8.59528695635	3.9800567166	7.94654021905	8.6791522716	11.6776679899	8.3840846419	5.9523288672	3.40275148435	2.6870855505	4.6867611084	2.70021859885	3.6110346457	1.88238507915	4.6624158548	4.0603326643	4.28792394045	5.9938630413	4.47818078675	3.98430871055	6.4309521634	7.0574051533	3.85879592035	7.4271862733	4.5200623557	4.26729382675
upwards.s'	270209	M	52	sp	260740	260935	154	39.6	s'	upwards	5.2659221887	2.98796626055	13.0454858842	7.00843035295	9.12937977645	7.4220283067	9.15746331175	12.51685834105	15.22471038415	6.8251050794	8.59743882265	3.9108613263	7.98276730575	8.64103201245	11.72623979215	8.55447853155	5.96526890695	3.42647570375	3.0763199255	4.8439939655	2.5044131763	3.67049299525	1.82122919	4.8193404835	4.09330317135	3.99799667745	5.88235434915	4.74584215425	3.95154133345	6.4736777767	7.0998465909	3.929001785	7.6873996265	4.12590340695	4.010129391
upwards.s'	270213	M	52	sp	270032	261285	117	35.5	s'	upwards	5.5688710096	2.86120211365	13.36034235025	7.30621953925	9.1398521926	7.3684216297	9.00600617255	12.7560673716	15.1191877344	7.59503030175	8.7947204349	3.95513759505	8.31122092855	8.73782658455	11.8744289285	8.5687269436	6.2967169037	3.3506567012	2.75474208085	4.90491432445	2.82876877355	3.9263197556	1.89642585715	4.8227452067	4.32615239405	4.09288639075	6.13880009635	4.50666744825	4.21532251765	6.7871569214	7.56854904145	3.7713571772	7.57564806805	4.56972069585	4.2191471291
upwards.s'	270308	F	52	sp	260822	260991	102	32.7	s'	upwards	5.6048117507	2.87674525425	13.2571353102	7.25304813045	9.05108921985	7.27874672695	8.10661623535	12.79838620775	15.08994377815	7.60140446535	9.1961383473	3.7154110137	8.27579865245	8.65797161925	11.839337825	8.70664710745	6.1250579803	3.2959696532	2.59895529615	4.9870043957	2.79237836355	3.63693432385	1.88267938655	4.89498724115	4.1670260793	4.1055278307	6.0153328949	4.64449756905	3.85989356415	6.52683128265	7.7568643832	3.7681903679	7.267601151	5.13888043335	4.12703407305
upwards.s'	270310	F	52	sp	260822	260991	102	31.3	s'	upwards	5.2186765302	2.9482446433	12.47623101955	6.7772355898	8.72182146045	6.9536114781	8.46081958285	11.98334776385	14.48483564245	7.34638158975	8.3455326384	4.19824361545	8.1691683944	8.62562727305	11.6802298278	8.5522121254	5.90660444965	3.26410028945	2.8724014082	4.63193486175	2.3160443695	3.6266268488	1.89399187435	4.618398786	4.0142279159	4.21713075325	5.9826723151	4.59071720035	3.89557057165	6.3492859601	7.38041418305	3.15694222545	7.17412000385	4.91342728775	3.76315328575
upwards.s'	270320	F	52	sp	260822	260991	151	33.5	s'	upwards	5.43850338325	3.1603938217	13.42493912535	7.3983557719	9.611137892	7.62215327935	8.69390234115	12.7204389947	15.5440497659	7.59859646275	8.831554866	3.720989063	8.06420050435	8.55108450805	11.69606435045	8.76156774065	6.10417515955	2.9291960321	3.21198200825	4.87993271505	2.41362224695	3.8903770256	1.8806643061	4.93436581335	4.12402193245	4.13985068925	6.01743970885	4.81497545445	4.2066446648	6.2911757225	7.88748900355	3.77733187775	7.5936897967	4.73362141835	4.11153033075
upwards.s'	270322	F	52	sp	260822	260991	200	34	s'	upwards	5.7791893459	3.14367864995	13.8394641724	7.6215046642	9.65221000295	7.62795659215	9.6990896986	13.2742732848	15.8793086439	6.77206464315	8.94820064685	3.96586293005	8.59222650785	8.79672582285	12.0526757134	8.616734189	6.0569560763	3.22649173335	2.9872603877	4.9564375043	2.47452479955	4.05230353385	1.98945942245	5.03731512315	4.3839843456	4.3547960129	6.2207369972	4.948147949	4.38420767435	6.54364219195	7.9778156691	3.9335895776	7.2962986931	4.6534308275	4.1713175357
upwards.s'	270324	F	52	sp	260822	260991	102	30.8	s'	upwards	5.31322559995	2.927065991	13.17048599255	7.3096937341	9.51581044465	7.62295598275	8.7855067188	12.63613802585	15.43315164245	7.9774424854	8.7864057014	3.8307410262	7.89463009475	8.554424858	11.74630428545	8.87091945445	6.1531578193	3.0408798904	3.1912766223	4.91601113785	2.51323758375	4.0528959458	1.88486351665	4.9422787855	4.17905117235	4.17136695265	6.0313157883	4.8766077533	4.4057471578	6.5715875412	7.35732170175	3.6802992952	7.8135357391	4.26383716225	4.0255866901
upwards.s'	270326	F	52	sp	260822	260991	151	33.2	s'	upwards	5.3478368578	2.99470948615	12.84495696445	7.0715439573	9.44215249255	7.26044404545	8.94006810205	12.3270980751	15.30622048875	7.62978798275	8.63736684265	3.98470958885	7.49270209735	8.43925433025	11.6031775198	8.54892274695	6.054432077	3.10503197295	3.3338359826	4.8866009301	2.2696363538	3.88640845695	1.83784853725	4.90319476845	4.1131538496	3.99015016665	5.9554455533	4.5365308537	4.0476095894	6.1223698951	6.85305663995	3.71470679845	7.41671299885	4.4138465166	4.01575286565
upwards.s'	270328	F	52	sp	260822	260991	102	33.2	s'	upwards	5.3113616477	2.93886933815	12.95073445825	7.1520257581	9.1858756147	7.2285745792	8.54057614065	12.51541212035	15.04197354555	8.00609728465	8.74479853685	3.81142819965	7.73159919545	8.5722531466	11.73967693845	8.79292709895	6.25952085605	3.1955405846	2.84588267755	4.88994516015	2.70143172405	3.92405018005	1.8882432414	4.7539821908	4.1087128398	4.163911087	5.9047554031	4.52744712585	4.3248415087	6.4429551672	7.5197064377	3.62439378085	7.65387420065	4.35654465485	4.0208252264
upwards.s'	270370	F	52	sp	260810	260937	100	34.3	s'	upwards	5.4337699133	2.8182378378	13.29133762255	7.13553234195	9.27502670925	7.4521138114	8.67418594335	12.4707701262	15.20923771045	7.2969310378	8.74664300045	3.7883650233	7.9774229437	8.41125620855	11.73469319915	8.64890753345	6.33876275705	3.23702383915	3.1410550015	4.8132694943	2.8709463024	3.62204848025	1.8683403096	4.57883674855	4.3185463202	4.0550641187	5.9352065358	4.4289275473	4.23733920355	6.5882501962	7.91594922335	3.76295140795	7.27330585905	4.6859659741	4.25867432765
upwards.s'	270374	F	52	sp	260810	260937	100	31.2	s'	upwards	5.2703970984	2.82786998095	12.45204004895	6.87268230845	8.77375263685	6.64126187305	7.91893105395	11.7794639251	14.1732637381	7.26164015915	8.0498383341	3.8827121451	7.21038422085	7.98458629565	11.05694479895	8.19810308995	5.5597469832	3.01368201105	2.64601363335	4.5781083883	1.8579179879	3.31601734135	1.8098687221	4.5211436846	3.8942179841	3.92177144925	5.55943985385	4.86032444975	3.7437096735	6.2262863652	7.23809411815	2.95365306525	6.976267748	3.83902215625	3.9705804817
upwards.s'	270376	F	52	sp	260810	260937	198	35.9	s'	upwards	5.69990808375	3.23464510155	13.9313796011	7.561142066	9.75660285765	7.60202816465	8.9586659497	13.06553476755	15.934600144	8.0510775614	9.26657722545	3.9038491894	8.1862131917	8.83723591175	12.0786391902	8.59555976965	6.1491607401	3.2354815621	3.31047572815	5.00487460835	2.64383008345	3.9676759344	2.0382112019	5.00366962625	4.25999901335	4.24786129235	6.16611780375	4.89770650365	4.13775250095	6.6606583726	8.0632992699	3.95315163095	7.54634027925	4.80267617335	3.9148733529
upwards.s'	270398	F	52	sp	260770	260961	134	33.2	s'	upwards	5.37886216355	2.9083832956	12.7293565146	7.04464365995	8.83369369995	7.02710901655	8.69608399655	12.2728510688	14.67263106025	7.4563979588	8.44695077145	3.75916804325	7.53752614815	8.4714179471	11.427953167	8.6143401858	6.0716103743	3.09738278615	2.8047790222	4.71058977645	2.5688554643	3.8193007796	1.93942442355	4.8464004133	3.93348073465	4.25176609595	5.92371893335	4.7413144168	4.047485313	6.34848792125	7.5056975531	3.47654070595	7.3893653101	4.47194475255	4.1211053083
upwards.s'	270416	F	52	sp	270032	261285	134	33.1	s'	upwards	5.1997	2.8773	12.2108	6.6521	8.67185	6.71565	8.6973	11.9892	14.7703	7.0302	8.61815	3.77705	7.9058	8.4888	11.51905	8.40725	6.124	3.2497	3.30155	4.86875	2.73225	3.74885	1.91645	4.58095	3.98435	4.2395	6.01145	4.3087	4.25295	6.59005	7.87235	3.60995	7.1729	4.73	4.2088
upwards.s'	270419	M	52	sp	260822	260991	151	37.9	s'	upwards	5.49981023175	2.9487281785	13.3442503953	7.4510241942	9.29664485835	7.2163455534	8.88803931955	12.85048167395	15.221821155	7.8814375384	8.9087737926	3.8212872534	7.82621492145	8.60674732335	11.69863731905	8.45013435235	6.17306917235	3.32569488295	2.7305498564	5.07668844065	2.62216893405	3.80437313755	1.8814915642	4.8259884782	4.244754441	4.15164001805	6.0527038229	4.4956686921	3.92163363295	6.4549971963	7.06635582465	3.37855071335	7.26105571865	4.4948697391	4.03098070145
upwards.s'	270421	M	52	sp	260822	260991	185	40.3	s'	upwards	5.6029899434	3.0565551464	13.27800670925	7.3921259906	9.3847308348	7.2893205488	9.0036197591	12.94406697775	15.54197219305	7.87905952215	8.8408395273	3.8482807142	7.93924371445	8.67168052015	11.72791896415	8.50001488795	6.19730269625	3.4823520697	2.9540538137	5.03182389675	2.68062697515	3.8065325526	1.93887646905	5.1163260298	4.1551122228	4.326303186	6.03238764815	4.5495527419	3.86182213505	6.56083649255	7.026005492	3.9109388253	7.2347568818	4.77083467275	4.1525515199
upwards.s'	270422	F	52	sp	270032	261285	134	33.7	s'	upwards	5.4923423002	2.9605010927	13.29199372555	7.290290192	9.2060331833	7.43355499105	8.959844927	12.7795755369	15.33195671465	7.39479267855	8.72679630765	3.9439425068	8.11569164975	8.63448857345	11.87859593	8.69136056065	6.11143873055	3.4189512265	2.9678288973	4.7464728082	2.8220799756	3.6696361428	1.97708240715	4.7943233379	4.2754668092	4.24809686935	6.0116106682	4.7436141969	4.0336816142	6.62867732905	8.49154800875	3.79535796205	7.54780171125	4.62642175255	4.2184500832
upwards.s'	270423	M	52	sp	260822	260991	151	42.1	s'	upwards	5.1148920797	2.9105070191	12.7661483469	7.1204671462	9.03382490845	7.18283465805	8.91470605935	12.34631536945	14.90708855385	7.24024122745	8.63019285	3.8364138996	8.05242462165	8.74798087935	11.59157531665	8.5419534784	6.17093045225	3.0623282508	3.05756500115	4.7402815066	2.5290446781	3.99884335785	1.8424076503	4.87397068485	4.0883792172	4.17577927235	5.9898999282	4.5212661947	4.26472194795	6.2838991866	6.8347796685	3.56048455985	6.85317529705	4.67982350115	4.09618629585
upwards.s'	270424	F	52	sp	260756	260897	182	35.6	s'	upwards	5.83069302755	3.10914934325	13.75883069055	7.2682885762	9.44859661105	7.36004396795	8.99487609485	13.10354513995	15.9663960527	7.9364202453	9.34116325155	3.8546258513	8.4511456922	8.9408639552	12.1438103782	8.82237322875	6.2411475778	3.3498775332	3.3207124337	4.83647783475	2.8388518177	4.0853226807	2.05557146985	5.1056221736	4.2108204325	4.3592482242	6.15844911605	4.7933716198	4.512188514	6.49277588965	8.31842308495	3.94259111295	7.6449740878	4.87148381525	4.2054927862
upwards.s'	270425	M	52	sp	260822	260991	109	39.8	s'	upwards	5.390180022	2.86092916315	12.92893194035	6.9887589207	8.94181298175	7.1895145609	9.40320854445	12.3768645928	14.92000160405	6.933440096	8.3119187933	3.6612200413	7.52516040005	8.26165682035	11.3650734737	8.3074987042	5.94070698725	3.1852534476	2.9804108275	4.6877138078	2.4182812823	3.76244444835	1.8137259358	4.72003062615	4.1822096909	4.30599493515	5.92636045175	4.6364822261	4.12962248165	6.30639482565	7.02869261485	3.3586111401	6.9029779015	4.576129295	4.1133516438
upwards.s'	270426	F	52	sp	260756	260897	133	34	s'	upwards	5.43777654775	3.0200804093	13.4887258658	7.5350165191	9.55129541745	7.6113612179	9.16551019	12.92997742145	15.54214631165	7.3829066719	8.87067993775	4.0257084266	8.18165556155	8.8901738448	12.4042096761	9.12997610325	6.457791367	3.4476474808	3.03275336405	4.68482299245	2.6426757025	3.827883446	2.0210569093	4.969890105	4.34762775115	4.33656316215	6.14135159795	4.87077797875	4.3433390187	6.62706256525	7.8593366769	4.1820498458	7.6335383523	5.2576532241	4.41075026135
upwards.s'	270432	F	52	sp	260814	260979	133	33	s'	upwards	5.3501889724	3.1083210926	13.31454329835	7.47511819005	9.3686255855	7.50183124685	8.30968579955	12.7773815364	15.22348429975	7.87873560365	8.9554886387	3.824634082	7.9003230709	8.61317009355	11.87209570045	8.52623837935	6.106751407	3.3247656138	2.7820922931	4.7505809402	2.6974043725	3.86997636225	1.9908021599	4.91264356055	4.1688558109	4.4508819636	6.1099312379	4.6342451632	4.37490594065	6.3669467282	7.6185430762	3.73830417195	7.57485505345	4.62943732225	4.24264479845
upwards.s'	270438	F	52	sp	260814	260979	182	31.8	s'	upwards	5.68772501045	2.9634422949	13.43880825435	7.44351591715	9.26885042535	7.30729470935	9.1809580059	12.93687893875	15.33805375665	7.54251905715	8.79942881245	3.7810892267	7.582294663	8.23473488415	11.2119548231	8.2264785619	5.82987381265	3.1190297965	2.82344910365	4.8962841976	2.69085282025	3.933514246	1.83638475875	4.9064043971	4.07541275005	4.0956520835	6.0031905098	4.6228090607	4.2948076935	6.309340509	7.5693550772	3.3903980666	7.28653574785	4.34993466455	4.08694396755
upwards.s'	270440	F	52	sp	260814	260979	133	33.3	s'	upwards	5.3540403107	2.9374184105	13.2047289034	7.3684387987	9.3094082859	7.6054847342	9.15465938975	12.74246773945	15.19555888215	6.99088758485	8.60114263795	3.89976926135	8.05210945355	8.57703452655	11.6697284761	8.7052729345	6.16124746165	3.38782433725	2.86231038785	4.8624507161	2.6900966071	3.66409382735	1.7967136435	4.9239365264	4.02171421685	4.2577625447	5.97422971025	4.7928839524	4.0644791273	6.36395480025	7.84820679435	3.6251226015	7.34865047875	4.77647057	4.24225778335
upwards.s'	270468	F	52	sp	260768	260905	132	33	s'	upwards	5.54974331885	2.8793570609	13.49143465165	7.1852470084	9.14563856365	7.42729215435	8.980893951	12.4855694456	15.1373447746	7.8192027615	8.84646490115	4.13476060745	8.06492132005	8.90480141375	11.88410435145	8.77288282805	6.07064500605	3.37217139545	3.09980560715	4.9398798846	2.8739619239	3.7147178339	1.97241089425	5.00719069845	3.95230997695	4.2896933633	6.0784555596	4.8647951174	3.9219367648	6.589233415	7.6242662372	3.6553987002	7.67518666305	4.6585844215	4.22634111695
upwards.s'	270470	F	52	sp	260768	260905	181	34.7	s'	upwards	5.6156293724	3.0400884285	13.6721359885	7.35424983505	9.526939303	7.38841902545	9.49129517605	13.02517249685	15.78037090315	7.7405767751	9.01712653375	4.00224308275	8.0493311637	8.79512910415	11.85990260385	8.727866642	6.02358270385	3.19197507085	3.147418	4.87660232	2.6232219797	3.931237291	2.10009869675	4.93143821995	4.0799429045	4.18177187925	6.11416888005	4.73231441625	4.13811520765	6.55524401715	7.5733892255	3.93141492125	7.55062134085	4.42750589675	4.0229589085
upwards.s'	270473	M	52	sp	260810	260937	140	35.9	s'	upwards	5.24576488065	2.97789227955	12.8857238394	7.1297365087	9.0543236903	7.11701709	9.005832107	12.575664278	15.04554651285	7.33938568615	8.8761291371	3.83504908475	7.8909575716	8.6130163959	11.8429906946	8.8484529141	6.11688522335	3.4798987751	2.80618796015	4.97590579395	2.74267902135	3.4825130424	1.89079667905	4.6743462381	4.2865401782	4.203077849	6.13219451345	4.6965958432	3.66486608355	6.63129386325	7.71976357495	3.5952583573	7.70199445135	4.35698348305	4.16058142115
upwards.s'	270475	M	52	sp	260810	260937	183	43.2	s'	upwards	5.36972854615	3.20903506415	13.1642499061	7.4333254495	9.3176434053	7.3401664916	9.0401877184	12.4685452855	15.20161289975	8.0331910197	9.00591308745	3.81909173395	8.34991663165	9.0978394313	12.20866200265	9.15579617905	6.5313124482	3.58123338635	3.37633639355	4.82499599925	2.7909725596	4.12296578395	1.90646228685	5.00055771735	4.4479451239	4.2173323785	6.0112514302	4.81005395395	4.335212347	6.41253095725	6.9859771184	4.5118578569	7.44254232375	4.70046964	4.06389480025
upwards.s'	270489	M	52	sp	260770	260961	134	39	s'	upwards	5.13777813435	2.78657146245	12.30207255855	6.8229018235	8.4811409461	6.83863514455	8.2018306447	11.55515318065	14.0152171768	6.7466909628	8.8381280556	3.57298503315	7.9856177999	8.4906127901	11.3052240629	8.42178842525	6.0152400069	3.25853153195	3.09268957085	4.48248437635	2.81976982815	3.73174024525	1.83909758275	4.64700832055	4.0765352807	3.9295004032	5.6797682974	4.3551446958	4.0355772214	5.99168480705	6.55551830705	3.69378289705	7.0098568363	4.2965601534	3.91319196925
upwards.s'	270491	M	52	sp	260770	260961	90	40.1	s'	upwards	4.8959295458	2.6264943382	12.05740428655	6.59151910805	8.2212812156	6.95308342575	8.2190310916	11.32358923905	13.64722068675	7.05599264805	8.61014787325	3.7236436702	7.51544740605	8.29625129755	11.1634459323	8.2232420943	6.04147697445	3.4134328522	3.0305370737	4.2247958515	2.64913506625	3.4551880959	1.7199833487	4.36196348015	3.96521944625	3.9864276043	5.62194693535	4.3020052095	3.8907276869	5.97531170885	5.9751838748	3.7968734615	7.01652242495	4.1026079173	4.05220194465
upwards.s'	270499	M	52	sp	270032	261285	168	41.5	s'	upwards	5.3392156527	3.07107685615	13.1394247444	7.2853456108	9.2477856172	7.3495860993	8.9373593191	12.3274509659	15.0279066667	7.42442526765	9.0458041475	3.73366021965	8.701374042	8.97766522665	11.8411516115	8.6467259948	6.25146630325	3.54273348975	3.33453620655	4.86778855835	2.80053929585	4.08188156755	1.91864819385	5.10280747555	4.01903623535	4.02417195905	5.89187371485	4.62869539645	4.3176053132	6.39260895385	6.8564914335	4.5853928236	7.4043823406	4.39037994765	4.42494294335
upwards.s'	270501	M	52	sp	260756	260897	140	40.5	s'	upwards	5.2024110638	2.96362975755	12.88396195165	7.0280988829	9.0781963568	7.21331335685	8.86780879805	12.24259582895	15.04607305365	8.48598514435	9.6244511334	3.9686151445	8.0837680876	8.90458198185	12.159410679	8.993804512	6.5032817375	3.36599405995	3.52335599535	4.53200023055	2.6184353554	3.8644425872	1.95446242295	4.77067196055	4.25065910295	4.13655087965	5.90521179165	4.76478975405	4.3064524739	6.44624219955	7.25084511575	4.1810249105	7.97299421245	4.3520375224	4.17551983245
upwards.s'	270503	M	52	sp	260756	260897	133	41	s'	upwards	4.980891427	3.0626277248	12.56860491535	6.98539680895	8.878624969	7.27759646245	8.58753343085	11.94638438005	14.51877693445	7.31081094115	9.0557768949	3.7557159607	7.9260786684	8.45420168575	11.540373704	8.4758587646	6.12805606245	3.46392613495	3.1421593652	4.43073963085	2.7841329666	3.4726032734	1.94629410425	4.79654737095	4.0984251534	4.1117486486	5.80071977535	4.7395589633	3.81564651945	6.3195690791	7.0247561504	3.95757107205	7.6558824553	3.9978095439	4.2745921815
upwards.s'	270505	M	52	sp	260756	260897	89	42.3	s'	upwards	5.2115699178	2.7501508448	12.8479717355	7.06451570575	8.74113343375	7.2169428708	8.82648893665	12.16208453095	14.43003226905	7.27978673175	9.18781357545	3.8480160773	8.33272576845	8.92028420625	12.09063107425	8.7383791482	6.3350562547	3.7102144116	2.8405862561	4.4274217916	2.8156517388	3.50939520715	1.98124605495	4.75309823915	4.3144190684	4.14256703035	6.0462087789	4.4804646908	3.9035750211	6.38767118275	6.95351907655	4.37843426105	7.7506069286	4.40444358365	4.03745460445
upwards.s'	270507	M	52	sp	260756	260897	89	39.9	s'	upwards	5.1215285877	2.83730259865	12.45198565435	6.7569648134	8.59688835715	7.04129800465	8.29415442415	11.7404694306	14.2333729296	7.6542163623	9.05073332615	3.77535192345	7.83986637535	8.211273629	11.2223225293	8.06822651635	5.61765513795	3.25712441295	3.0063436442	4.3221221095	2.69906668865	3.3615327354	1.98199250705	4.74181486205	3.9633376365	4.25244872465	5.69783293865	4.55084729715	3.7841081	6.317291428	6.79262282955	3.9284941994	7.1008511665	4.298341467	4.2956194909
upwards.s'	270511	M	52	sp	260756	260897	167	42.1	s'	upwards	5.36508441245	2.9485401479	13.33912241525	7.3246759788	9.2641768272	7.3830810066	8.7909324988	12.4614174299	15.11224861395	8.02941869715	9.55249298495	3.99826130085	8.5974788982	9.23361404745	12.30070995795	8.9814141384	6.32891344155	3.69043685965	3.28572788705	4.5931722944	2.957108304	3.67777207605	2.08401068195	4.71085634305	4.2162498565	4.23862565	5.9047882211	4.4272698089	4.05941025125	6.2372734006	6.9795707968	4.47662570115	7.8386562461	4.45452378335	4.124815057
upwards.s'	270513	M	52	sp	260814	260979	124	37.1	s'	upwards	5.228597606	3.0586087068	12.9230456373	7.16345823055	9.28817159755	7.36766557385	8.62932427145	12.23365393845	15.0610843994	7.4075490739	9.20736753175	3.5817245073	8.47943785855	8.95841050835	12.02106064625	8.83324710355	6.28553301315	3.5758237404	3.35254939865	4.6953432489	2.5663208097	3.92033277275	1.9704499004	5.02857744795	4.21724951075	4.11320221635	5.8077758896	4.7382923386	4.22230235785	6.2157225563	6.87412855665	4.3137789612	7.23116605495	4.7161043376	4.06037289675
upwards.s'	270515	M	52	sp	260814	260979	124	35.9	s'	upwards	5.11112855735	2.9351850413	12.6072527162	6.75228077605	8.7435354928	7.03587152145	8.5473315817	11.7677078487	14.18683669035	7.4082565507	9.0005646374	3.59802323355	7.67930587795	8.3262511926	11.41241176515	8.5715877707	5.8674673199	3.18127163745	2.824641238	5.17831259345	2.6401136492	3.53268475475	1.80814593855	4.59802111065	4.03739505	4.07999509355	5.69115647815	4.6031668191	4.0345409832	6.03992743225	6.83275734865	3.7593351625	7.26077946395	4.43902201365	4.18244473015
upwards.s'	270517	M	52	sp	260814	260979	89	40	s'	upwards	4.9498993604	2.8845409101	12.33100591275	6.83081645925	8.7286113605	7.1570976757	8.6287094062	11.7583964284	14.222290278	7.29892027185	8.66373372725	3.78613328135	7.8552538278	8.5253875439	11.83268768575	8.7242011663	6.1455411417	3.38383302045	2.92079146865	4.4915859692	2.73146333005	3.65292421655	1.84520861685	4.67682885295	4.30907082715	3.92627438725	5.70980160075	4.47668462555	3.95692974325	5.8399943075	6.5545754749	3.851603913	7.54792781465	4.41651353765	3.9859432044
upwards.s'	270519	M	52	sp	260814	260979	89	38.1	s'	upwards	4.8660295958	3.0116808039	12.4648265655	6.8124884959	8.6912146923	7.3111035606	8.3595088863	11.6669423946	14.19255753415	7.56281741865	8.90418841395	3.7404183817	7.90999034765	8.5599112718	11.4615091514	8.58697262545	6.025728546	3.2746614156	3.02773297795	4.49861028215	2.7446318485	3.7491081185	1.8549885534	4.6885258383	3.95878265545	4.0554237089	5.6954955948	4.56987445155	4.1500138275	6.1417717044	6.65617520125	4.07466479445	7.2671148514	4.2089431981	3.9938716724
upwards.s'	270521	M	52	sp	260814	260979	124	35.6	s'	upwards	5.0727374524	2.8161536609	12.55003369675	6.98326592275	8.8876387689	7.1434358231	8.90866574535	11.9981724426	14.5231179735	7.041320022	8.65737210025	3.80919059865	7.9207011916	8.5002839852	11.6061754912	8.33544111635	5.94787034685	3.1956859869	3.12130829365	4.56979829985	2.416879283	3.6587166057	1.8768641747	4.766553062	4.2637511504	4.10273048	5.902969887	4.63458751915	3.9282790272	6.3648934151	6.53163628145	3.80934321055	7.14928127285	4.28931624955	4.1125771853
upwards.s'	270523	M	52	sp	260814	260979	124	36	s'	upwards	5.2243017488	2.98936719225	12.9844077584	7.32265113875	9.1127504232	7.62423015815	9.0828544948	12.4343354774	14.9284305326	7.06396421345	9.2270276949	3.84023198675	8.56259356545	9.16191923735	12.22292534685	8.9497484252	6.29310371835	3.50288849885	3.0808923987	4.5727862526	2.7975825563	3.82057584245	1.854724824	5.0748229472	4.13533494925	4.0239780111	5.9492924661	4.5066792069	4.19563947305	6.21335081405	7.1548936265	4.02722919895	7.613786512	4.33003244075	4.16564142905
upwards.s'	270557	M	52	sp	260768	260905	147	39.3	s'	upwards	5.2931255279	3.13638057445	12.7141425065	6.80764489475	8.70820061885	6.97009565295	8.6495075274	11.64307760215	14.4418432676	7.6162822364	9.11769862835	3.8493015971	7.86419047055	8.9439200138	11.85859726585	8.7014057746	6.1954174719	3.49083884045	3.47044189315	4.62796264515	2.6471202796	3.6562790524	1.94336459215	4.86722518475	3.9424867074	4.0753125726	5.7349659779	4.73250379615	3.89600083445	6.33654168295	6.9636162623	3.99611677965	7.46901520315	4.1174531917	4.22424155275
upwards.s'	270559	M	52	sp	260768	260905	166	40.1	s'	upwards	5.64283717665	2.94749038575	12.955523324	6.86503734095	8.5284770314	6.91777444895	8.97866206965	12.3094128597	14.7813853089	7.60520015575	9.4044109388	3.9265649474	8.98665672115	9.31550979025	12.1880556193	8.8036504961	6.29160157075	3.68034662045	3.1771746587	4.66809039425	2.57337406405	3.90608108915	1.9456579367	5.1203174073	4.0902891098	4.0496098395	6.11949997755	4.8187504336	4.12671776315	6.3050726039	7.4863803654	3.9901379162	7.4400939891	4.3908764084	4.39948991085
upwards.s'	270561	M	52	sp	260768	260905	88	38.7	s'	upwards	5.25086598025	2.895269029	12.91574918805	6.977114004	8.5362307593	7.044772224	8.75575591295	12.04596759455	14.3221262173	7.71949038715	9.16798024425	3.99148716545	8.16203399815	8.9180271003	12.09309025955	8.68370276735	6.3673893358	3.58532440355	2.933728008	4.48007865625	2.84934449965	3.70640728075	2.00272876965	4.7146928943	4.21060462645	4.00735299045	5.9609813351	4.7483177811	4.09127162945	6.41919872545	6.86864602225	3.9621485344	7.3644428212	4.49356356525	4.3737046289
upwards.s'	270563	M	52	sp	260768	260905	166	40.5	s'	upwards	5.46814814065	2.9490177112	13.3252176576	7.0871306046	9.0951586391	7.4919086143	9.11491122565	12.27333486255	15.05766375755	7.7295644156	9.29461816935	3.82774581665	8.5432022404	9.0067653644	12.15442660365	8.9714022738	6.33311257175	3.70322489495	3.4405800838	4.78572041975	2.7936537428	3.94280781305	1.9236609211	5.0417220457	4.15773481425	4.0441619912	5.95619789435	5.0098761849	4.09498451575	6.2388280747	7.56603952845	4.02890303375	7.69237125535	4.684234104	4.35863191185
